crop_id,farmer_id,crop,season,sowing_date,harvest_date,seed_type,fertilizer_used_kg,pesticide_used_l
C0001,F0001,Soybean,Kharif,2026-06-03,2026-09-23,JS-335,51.0,1.1
C0002,F0002,Sugarcane,Adsali,2025-07-08,2026-05-15,VSI-434,104.7,5.8
C0003,F0002,Cotton,Kharif,2026-06-19,2026-12-04,Bunny-BG2,52.0,2.9
C0004,F0003,Soybean,Kharif,2024-06-19,2024-10-01,MAUS-71,64.5,1.5
C0005,F0003,Wheat,Rabi,2025-10-18,2026-02-07,NIAW-34,62.4,0.9
C0006,F0004,Bajra,Kharif,2025-07-12,2025-10-04,Shraddha,44.9,1.2
C0007,F0004,Tomato,Rabi,2024-11-17,2025-02-15,Rupali,89.2,4.2
C0008,F0005,Cotton,Kharif,2025-06-16,2025-11-26,BT-Cotton,88.5,2.3
C0009,F0005,Grapes,Perennial,2025-12-12,2026-10-27,Sonaka,208.0,8.7
C0010,F0005,Bajra,Kharif,2025-07-23,2025-10-08,Shraddha,43.3,0.8
C0011,F0006,Maize,Rabi,2025-11-22,2026-03-13,Pioneer-3396,87.6,1.7
C0012,F0006,Turmeric,Kharif,2025-06-07,2026-02-26,Phule Swarna,76.5,2.7
C0013,F0007,Turmeric,Kharif,2024-06-15,2025-02-22,Rajapuri,83.9,2.4
C0014,F0008,Grapes,Perennial,2026-07-12,2027-05-29,Sonaka,245.8,6.9
C0015,F0009,Onion,Rabi,2024-11-27,2025-03-25,Nashik-Red,41.6,1.5
C0016,F0010,Jowar,Rabi,2024-10-15,2025-02-09,Malduri Local,40.0,1.1
C0017,F0011,Bajra,Kharif,2024-06-07,2024-09-04,Shraddha,27.7,1.1
C0018,F0012,Pomegranate,Ambe Bahar,2026-01-12,2026-08-19,Bhagwa,84.2,5.0
C0019,F0013,Maize,Rabi,2025-11-16,2026-02-27,Pioneer-3396,84.0,3.0
C0020,F0014,Tur (Pigeon Pea),Kharif,2024-06-04,2024-11-24,ICPL-87119,39.8,2.0
C0021,F0015,Grapes,Perennial,2026-06-05,2027-04-23,Sharad Seedless,241.4,10.5
C0022,F0015,Sugarcane,Adsali,2026-07-23,2027-06-21,CO-94012,172.7,4.8
C0023,F0016,Grapes,Perennial,2026-04-20,2027-03-11,Thompson Seedless,230.6,10.9
C0024,F0017,Onion,Late Kharif,2025-08-01,2025-11-17,Bhima Super,41.5,3.2
C0025,F0017,Banana,Perennial,2025-12-12,2026-11-07,Shrimanti,158.9,4.6
C0026,F0018,Jowar,Kharif,2025-06-16,2025-10-14,Malduri Local,50.0,0.6
C0027,F0019,Banana,Perennial,2025-03-14,2026-02-02,Basrai,186.6,8.8
C0028,F0019,Bajra,Kharif,2025-07-24,2025-10-09,Saburi,29.0,1.5
C0029,F0020,Pomegranate,Mrig Bahar,2026-06-20,2027-01-24,Ganesh,119.4,5.8
C0030,F0021,Soybean,Kharif,2026-06-17,2026-09-24,JS-9560,69.6,1.5
C0031,F0021,Sugarcane,Kharif,2024-07-07,2025-06-09,CO-8014,161.1,4.6
C0032,F0022,Turmeric,Kharif,2026-07-15,2027-04-02,Rajapuri,110.8,3.6
C0033,F0022,Soybean,Kharif,2026-06-17,2026-10-06,JS-335,66.2,2.9
C0034,F0023,Tomato,Rabi,2024-10-16,2025-01-18,Bhagyashree,64.8,3.2
C0035,F0023,Banana,Perennial,2024-09-02,2025-07-06,Grand Naine,180.5,8.6
C0036,F0024,Grapes,Perennial,2025-06-20,2026-05-02,Sharad Seedless,201.2,10.2
C0037,F0024,Sugarcane,Adsali,2026-08-17,2027-07-14,CO-94012,173.8,7.5
C0038,F0025,Tur (Pigeon Pea),Kharif,2025-06-13,2025-11-24,ICPL-87119,26.5,1.5
C0039,F0026,Maize,Rabi,2024-10-23,2025-02-20,African Tall,64.6,1.5
C0040,F0027,Tur (Pigeon Pea),Kharif,2026-06-13,2026-12-08,ICPL-87119,28.3,2.3
C0041,F0028,Groundnut,Summer,2026-02-11,2026-06-04,TAG-24,38.9,1.2
C0042,F0029,Jowar,Rabi,2025-10-13,2026-01-31,Phule Suchitra,45.6,1.3
C0043,F0030,Banana,Perennial,2024-02-09,2024-12-13,Grand Naine,249.6,5.1
C0044,F0031,Turmeric,Kharif,2025-06-18,2026-03-14,Rajapuri,98.5,4.1
C0045,F0031,Bajra,Kharif,2025-06-26,2025-09-14,ICMH-356,47.4,0.8
C0046,F0032,Cotton,Kharif,2024-06-03,2024-11-08,BT-Cotton,68.2,3.4
C0047,F0033,Banana,Perennial,2024-09-23,2025-07-27,Grand Naine,256.6,5.6
C0048,F0033,Wheat,Rabi,2024-11-21,2025-03-20,NIAW-34,90.4,1.1
C0049,F0034,Soybean,Kharif,2024-07-02,2024-10-05,JS-335,62.0,2.4
C0050,F0034,Wheat,Rabi,2026-11-08,2027-03-12,Lok-1,86.3,1.8
C0051,F0035,Grapes,Perennial,2026-05-23,2027-03-25,Thompson Seedless,184.3,11.0
C0052,F0035,Turmeric,Kharif,2025-07-02,2026-03-25,Selam,70.7,3.9
C0053,F0036,Bajra,Kharif,2026-07-28,2026-10-27,Saburi,49.3,1.1
C0054,F0036,Soybean,Kharif,2024-07-06,2024-10-14,JS-9560,53.4,1.7
C0055,F0036,Sugarcane,Adsali,2026-08-08,2027-06-08,CO-94012,117.4,3.9
C0056,F0037,Cotton,Kharif,2025-06-08,2025-11-21,BT-Cotton,53.6,5.3
C0057,F0038,Pomegranate,Ambe Bahar,2025-01-10,2025-07-28,Arakta,94.0,6.9
C0058,F0039,Tomato,Kharif,2025-07-05,2025-09-27,Bhagyashree,84.7,3.6
C0059,F0039,Soybean,Kharif,2026-06-17,2026-10-06,MAUS-71,65.0,3.0
C0060,F0040,Pomegranate,Ambe Bahar,2024-01-02,2024-07-08,Arakta,101.6,4.5
C0061,F0040,Tomato,Kharif,2026-06-21,2026-09-04,Bhagyashree,81.3,4.0
C0062,F0041,Tur (Pigeon Pea),Kharif,2026-06-22,2026-12-05,BDN-711,39.9,1.9
C0063,F0042,Turmeric,Kharif,2026-06-08,2027-02-26,Rajapuri,118.8,3.5
C0064,F0042,Wheat,Rabi,2024-11-22,2025-03-21,Lok-1,84.7,1.8
C0065,F0043,Soybean,Kharif,2025-07-20,2025-11-10,JS-335,40.4,1.2
C0066,F0044,Maize,Kharif,2026-06-22,2026-10-15,DKC-9081,78.4,1.6
C0067,F0045,Tomato,Rabi,2026-10-10,2026-12-26,Rupali,60.7,4.8
C0068,F0046,Tur (Pigeon Pea),Kharif,2024-06-03,2024-11-18,BDN-711,27.8,2.0
C0069,F0046,Wheat,Rabi,2024-11-04,2025-03-05,Lok-1,79.9,2.3
C0070,F0047,Soybean,Kharif,2025-07-13,2025-10-25,MAUS-71,44.2,1.9
C0071,F0048,Turmeric,Kharif,2024-07-25,2025-04-01,Phule Swarna,76.0,4.8
C0072,F0049,Banana,Perennial,2025-06-03,2026-04-11,Shrimanti,259.9,7.5
C0073,F0049,Groundnut,Summer,2025-02-28,2025-06-09,JL-24,32.5,2.7
C0074,F0050,Banana,Perennial,2024-05-14,2025-03-26,Shrimanti,170.9,6.2
C0075,F0051,Banana,Perennial,2026-09-07,2027-07-27,Grand Naine,155.4,8.4
C0076,F0051,Sugarcane,Adsali,2026-07-21,2027-06-22,VSI-434,103.9,7.6
C0077,F0051,Tomato,Rabi,2024-11-14,2025-02-07,Rupali,71.9,6.0
C0078,F0052,Wheat,Rabi,2025-11-18,2026-03-20,Lok-1,66.7,0.8
C0079,F0052,Bajra,Kharif,2026-07-18,2026-10-08,ICMH-356,47.7,1.5
C0080,F0052,Maize,Rabi,2025-10-18,2026-02-01,Pioneer-3396,53.6,1.7
C0081,F0053,Onion,Late Kharif,2025-08-01,2025-11-22,Bhima Super,45.3,2.8
C0082,F0054,Jowar,Kharif,2025-07-19,2025-11-07,CSH-16,47.2,1.3
C0083,F0055,Turmeric,Kharif,2025-06-13,2026-02-20,Rajapuri,92.3,4.9
C0084,F0055,Onion,Rabi,2024-10-14,2025-02-06,Agrifound Dark Red,47.2,1.7
C0085,F0056,Banana,Perennial,2025-04-26,2026-02-23,Grand Naine,167.0,7.1
C0086,F0056,Turmeric,Kharif,2026-07-03,2027-03-17,Selam,70.1,2.4
C0087,F0056,Grapes,Perennial,2026-12-10,2027-11-05,Thompson Seedless,212.6,9.2
C0088,F0057,Tomato,Rabi,2024-10-10,2025-01-09,Bhagyashree,67.7,4.0
C0089,F0058,Sugarcane,Adsali,2025-08-11,2026-07-08,VSI-434,142.1,5.7
C0090,F0058,Banana,Perennial,2025-12-21,2026-10-26,Grand Naine,152.4,7.0
C0091,F0059,Bajra,Kharif,2024-07-12,2024-10-02,ICMH-356,25.9,0.8
C0092,F0059,Cotton,Kharif,2025-07-07,2025-12-04,Ankur-3028,79.6,4.0
C0093,F0060,Onion,Late Kharif,2024-08-15,2024-11-30,Bhima Super,54.0,2.2
C0094,F0061,Tur (Pigeon Pea),Kharif,2025-07-22,2025-12-20,Vipula,27.9,1.8
C0095,F0061,Pomegranate,Ambe Bahar,2024-01-14,2024-07-15,Arakta,83.6,6.0
C0096,F0061,Soybean,Kharif,2026-06-03,2026-09-11,JS-9560,45.7,2.6
C0097,F0062,Tur (Pigeon Pea),Kharif,2026-07-27,2027-01-04,ICPL-87119,33.8,1.2
C0098,F0062,Sugarcane,Kharif,2025-06-12,2026-05-31,CO-86032,144.9,6.8
C0099,F0063,Tomato,Kharif,2025-06-02,2025-09-07,Rupali,67.8,5.2
C0100,F0064,Jowar,Rabi,2026-11-01,2027-03-01,Malduri Local,36.2,1.4
C0101,F0065,Bajra,Kharif,2025-06-26,2025-09-10,ICMH-356,29.9,0.6
C0102,F0066,Jowar,Rabi,2026-10-09,2027-01-27,Malduri Local,37.4,1.6
C0103,F0066,Wheat,Rabi,2024-10-04,2025-02-06,NIAW-34,98.3,2.4
C0104,F0067,Wheat,Rabi,2025-10-16,2026-02-08,Lok-1,92.1,2.0
C0105,F0068,Tomato,Rabi,2025-11-15,2026-02-09,Bhagyashree,63.2,3.8
C0106,F0068,Soybean,Kharif,2024-07-03,2024-10-26,JS-335,54.5,2.4
C0107,F0069,Bajra,Kharif,2024-07-20,2024-10-05,Shraddha,27.4,1.0
C0108,F0070,Tur (Pigeon Pea),Kharif,2024-07-15,2024-12-31,Vipula,29.7,2.1
C0109,F0070,Soybean,Kharif,2025-07-09,2025-10-30,JS-9560,51.2,2.8
C0110,F0071,Onion,Rabi,2024-10-05,2025-01-22,Agrifound Dark Red,39.7,1.7
C0111,F0072,Onion,Rabi,2026-10-21,2027-02-12,Nashik-Red,37.6,2.7
C0112,F0073,Turmeric,Kharif,2024-07-08,2025-03-08,Selam,79.5,4.9
C0113,F0073,Tur (Pigeon Pea),Kharif,2024-07-17,2025-01-10,BDN-711,34.0,1.5
C0114,F0074,Sugarcane,Adsali,2024-07-12,2025-06-20,CO-8014,103.5,8.0
C0115,F0074,Cotton,Kharif,2026-06-27,2026-11-24,Ankur-3028,66.4,3.5
C0116,F0075,Cotton,Kharif,2025-07-03,2025-12-13,BT-Cotton,81.8,4.7
C0117,F0075,Onion,Rabi,2026-10-21,2027-02-03,Bhima Super,52.4,2.5
C0118,F0076,Wheat,Rabi,2024-11-24,2025-04-01,HD-2189,76.6,0.5
C0119,F0077,Tomato,Rabi,2025-11-07,2026-01-21,Rupali,96.1,4.7
C0120,F0077,Jowar,Kharif,2025-07-15,2025-10-28,CSH-16,30.4,1.3
C0121,F0078,Banana,Perennial,2026-10-12,2027-08-31,Basrai,168.9,6.1
C0122,F0078,Bajra,Kharif,2026-06-03,2026-08-20,ICMH-356,37.3,1.3
C0123,F0079,Onion,Rabi,2025-11-02,2026-03-01,Agrifound Dark Red,44.7,3.8
C0124,F0079,Wheat,Rabi,2026-10-20,2027-02-19,NIAW-34,93.9,2.2
C0125,F0079,Soybean,Kharif,2026-06-02,2026-09-17,MAUS-71,44.7,1.9
C0126,F0080,Groundnut,Kharif,2024-06-22,2024-10-10,TAG-24,39.7,1.9
C0127,F0081,Tomato,Kharif,2025-06-14,2025-09-09,Bhagyashree,74.7,5.0
C0128,F0081,Wheat,Rabi,2024-10-20,2025-02-22,HD-2189,69.4,2.0
C0129,F0082,Tur (Pigeon Pea),Kharif,2025-07-04,2025-12-03,BDN-711,32.2,1.7
C0130,F0082,Turmeric,Kharif,2026-06-02,2027-02-17,Selam,74.1,4.2
C0131,F0083,Grapes,Perennial,2026-07-21,2027-06-16,Thompson Seedless,152.6,6.4
C0132,F0083,Cotton,Kharif,2024-06-16,2024-11-22,RCH-2,77.4,4.9
C0133,F0084,Turmeric,Kharif,2026-07-06,2027-03-13,Rajapuri,83.7,4.4
C0134,F0085,Grapes,Perennial,2024-10-09,2025-08-24,Sharad Seedless,173.7,8.2
C0135,F0086,Bajra,Kharif,2026-07-22,2026-10-15,ICMH-356,29.2,1.3
C0136,F0087,Grapes,Perennial,2026-06-28,2027-05-08,Sharad Seedless,202.1,10.1
C0137,F0088,Wheat,Rabi,2026-11-09,2027-03-11,HD-2189,83.1,1.2
C0138,F0088,Grapes,Perennial,2025-04-06,2026-02-19,Sharad Seedless,245.8,7.8
C0139,F0088,Maize,Rabi,2025-11-24,2026-03-04,African Tall,51.4,1.3
C0140,F0089,Bajra,Kharif,2024-06-16,2024-09-06,Saburi,41.3,0.5
C0141,F0089,Banana,Perennial,2026-06-10,2027-04-09,Basrai,189.3,5.3
C0142,F0090,Pomegranate,Ambe Bahar,2025-02-06,2025-08-13,Bhagwa,136.2,5.2
C0143,F0090,Soybean,Kharif,2025-06-03,2025-09-26,JS-335,66.1,3.0
C0144,F0091,Wheat,Rabi,2024-11-20,2025-03-30,NIAW-34,77.8,2.4
C0145,F0092,Onion,Rabi,2024-10-18,2025-01-26,Bhima Super,39.6,1.9
C0146,F0092,Soybean,Kharif,2024-06-05,2024-09-21,JS-335,55.5,2.6
C0147,F0093,Bajra,Kharif,2026-07-03,2026-09-25,Saburi,26.2,1.4
C0148,F0093,Turmeric,Kharif,2026-06-13,2027-03-07,Phule Swarna,107.3,3.4
C0149,F0094,Tur (Pigeon Pea),Kharif,2024-07-08,2024-12-25,BDN-711,27.5,2.8
C0150,F0094,Soybean,Kharif,2026-06-09,2026-10-02,MAUS-71,60.4,2.7
C0151,F0095,Wheat,Rabi,2024-10-06,2025-02-01,Lok-1,93.7,0.9
C0152,F0095,Banana,Perennial,2026-06-07,2027-05-01,Shrimanti,186.1,5.4
C0153,F0095,Maize,Rabi,2025-10-28,2026-02-05,DKC-9081,88.2,1.5
C0154,F0096,Tomato,Rabi,2026-10-05,2026-12-20,Abhinav,64.5,5.5
C0155,F0096,Onion,Rabi,2025-10-23,2026-01-31,Nashik-Red,36.0,3.2
C0156,F0096,Bajra,Kharif,2026-06-24,2026-09-08,Shraddha,46.4,1.3
C0157,F0097,Turmeric,Kharif,2026-07-04,2027-03-08,Selam,80.2,2.1
C0158,F0098,Banana,Perennial,2026-11-10,2027-09-21,Grand Naine,164.6,8.8
C0159,F0098,Tomato,Rabi,2025-11-11,2026-02-07,Rupali,60.8,4.0
C0160,F0098,Turmeric,Kharif,2024-07-11,2025-04-01,Rajapuri,95.2,4.6
C0161,F0099,Sugarcane,Adsali,2024-08-17,2025-06-25,CO-94012,137.5,3.2
C0162,F0099,Tomato,Rabi,2026-10-19,2027-01-11,Abhinav,77.4,5.1
C0163,F0100,Tomato,Rabi,2024-11-16,2025-02-02,Rupali,87.8,6.3
C0164,F0101,Pomegranate,Mrig Bahar,2026-06-10,2026-12-20,Arakta,93.9,4.8
C0165,F0101,Jowar,Kharif,2025-06-21,2025-10-09,Malduri Local,32.4,1.9
C0166,F0101,Grapes,Perennial,2025-11-01,2026-09-08,Thompson Seedless,180.3,8.6
C0167,F0102,Soybean,Kharif,2025-06-18,2025-10-10,MAUS-71,62.6,2.6
C0168,F0102,Bajra,Kharif,2026-07-17,2026-10-04,ICMH-356,41.6,1.2
C0169,F0103,Tur (Pigeon Pea),Kharif,2026-06-05,2026-11-12,ICPL-87119,37.9,2.4
C0170,F0104,Wheat,Rabi,2026-10-08,2027-02-05,NIAW-34,80.9,0.8
C0171,F0104,Banana,Perennial,2024-05-24,2025-03-23,Grand Naine,255.9,4.6
C0172,F0105,Soybean,Kharif,2026-07-14,2026-10-25,JS-335,43.3,3.3
C0173,F0106,Banana,Perennial,2025-01-01,2025-11-09,Shrimanti,226.3,7.0
C0174,F0107,Tur (Pigeon Pea),Kharif,2025-07-01,2025-12-21,BDN-711,43.2,1.9
C0175,F0107,Sugarcane,Adsali,2024-07-22,2025-06-10,CO-86032,136.3,4.6
C0176,F0108,Cotton,Kharif,2025-06-09,2025-12-03,Bunny-BG2,69.3,2.1
C0177,F0108,Bajra,Kharif,2026-06-21,2026-09-14,Shraddha,34.7,1.0
C0178,F0109,Sugarcane,Kharif,2024-06-17,2025-05-27,CO-86032,167.8,5.3
C0179,F0109,Wheat,Rabi,2026-11-17,2027-03-07,NIAW-34,91.7,1.2
C0180,F0109,Grapes,Perennial,2025-12-15,2026-10-17,Sharad Seedless,168.4,9.1
C0181,F0110,Groundnut,Kharif,2025-07-13,2025-11-02,TAG-24,30.3,1.8
C0182,F0110,Pomegranate,Mrig Bahar,2026-07-19,2027-01-31,Bhagwa,93.5,7.7
C0183,F0110,Jowar,Kharif,2025-07-07,2025-10-20,CSH-16,53.2,0.6
C0184,F0111,Onion,Rabi,2024-11-22,2025-03-22,Bhima Super,46.7,2.2
C0185,F0111,Tur (Pigeon Pea),Kharif,2025-07-26,2026-01-19,BDN-711,30.3,1.8
C0186,F0112,Bajra,Kharif,2025-06-26,2025-09-17,ICMH-356,31.1,0.8
C0187,F0113,Bajra,Kharif,2026-07-05,2026-09-27,ICMH-356,26.4,1.3
C0188,F0114,Tomato,Kharif,2026-06-22,2026-09-05,Abhinav,98.1,5.6
C0189,F0114,Soybean,Kharif,2026-06-19,2026-09-26,JS-335,45.6,2.1
C0190,F0114,Grapes,Perennial,2024-07-26,2025-06-08,Thompson Seedless,211.0,10.1
C0191,F0115,Cotton,Kharif,2024-07-23,2024-12-26,BT-Cotton,79.7,3.8
C0192,F0115,Maize,Kharif,2026-06-09,2026-09-30,Pioneer-3396,83.1,1.9
C0193,F0115,Grapes,Perennial,2025-08-05,2026-06-23,Sonaka,174.7,7.0
C0194,F0116,Groundnut,Kharif,2025-07-23,2025-11-18,JL-24,46.6,2.7
C0195,F0116,Sugarcane,Adsali,2025-08-22,2026-06-27,CO-8014,151.0,6.2
C0196,F0117,Pomegranate,Ambe Bahar,2026-02-26,2026-08-31,Arakta,109.1,7.8
C0197,F0118,Onion,Late Kharif,2026-08-11,2026-11-22,Agrifound Dark Red,44.2,2.7
C0198,F0119,Tomato,Kharif,2025-07-14,2025-10-05,Bhagyashree,62.1,4.2
C0199,F0119,Onion,Late Kharif,2025-09-11,2026-01-05,Bhima Super,56.8,2.4
C0200,F0120,Tur (Pigeon Pea),Kharif,2025-06-11,2025-11-30,ICPL-87119,27.6,2.9
C0201,F0121,Sugarcane,Adsali,2026-08-18,2027-06-20,VSI-434,124.0,3.0
C0202,F0122,Banana,Perennial,2026-11-02,2027-09-23,Basrai,250.1,7.7
C0203,F0123,Maize,Kharif,2024-06-22,2024-10-20,DKC-9081,75.0,1.3
C0204,F0123,Banana,Perennial,2024-07-25,2025-05-24,Basrai,151.5,9.2
C0205,F0124,Wheat,Rabi,2025-10-14,2026-02-02,HD-2189,60.8,1.6
C0206,F0125,Banana,Perennial,2026-09-02,2027-07-25,Grand Naine,235.1,6.5
C0207,F0125,Sugarcane,Adsali,2025-07-01,2026-06-15,CO-8014,138.0,5.1
C0208,F0126,Maize,Rabi,2024-10-21,2025-01-29,DKC-9081,50.2,2.4
C0209,F0127,Turmeric,Kharif,2024-06-05,2025-02-15,Selam,83.8,3.7
C0210,F0128,Groundnut,Kharif,2024-07-25,2024-11-06,Phule Bharati,49.0,1.6
C0211,F0129,Tur (Pigeon Pea),Kharif,2024-06-01,2024-10-30,BDN-711,42.7,2.4
C0212,F0129,Banana,Perennial,2025-05-10,2026-03-29,Basrai,168.3,9.2
C0213,F0130,Sugarcane,Adsali,2025-08-16,2026-07-03,CO-8014,177.3,3.6
C0214,F0131,Soybean,Kharif,2025-07-25,2025-11-11,JS-9560,63.5,2.4
C0215,F0131,Maize,Rabi,2025-10-20,2026-02-17,African Tall,82.1,2.2
C0216,F0131,Tomato,Rabi,2024-11-19,2025-02-15,Abhinav,75.1,5.7
C0217,F0132,Banana,Perennial,2025-12-01,2026-10-07,Shrimanti,179.5,4.9
C0218,F0132,Onion,Rabi,2025-10-26,2026-02-21,Nashik-Red,41.8,3.6
C0219,F0133,Maize,Rabi,2025-10-18,2026-02-12,DKC-9081,81.9,1.4
C0220,F0133,Tomato,Rabi,2025-10-22,2026-01-17,Rupali,88.3,6.7
C0221,F0134,Sugarcane,Adsali,2025-07-18,2026-06-28,CO-86032,118.6,5.9
C0222,F0134,Tomato,Kharif,2026-07-16,2026-10-15,Bhagyashree,68.1,3.9
C0223,F0135,Tomato,Kharif,2025-07-13,2025-10-20,Bhagyashree,94.3,4.0
C0224,F0136,Tur (Pigeon Pea),Kharif,2026-07-26,2026-12-25,BDN-711,31.3,1.1
C0225,F0136,Jowar,Rabi,2026-10-04,2027-01-13,CSH-16,54.8,1.8
C0226,F0136,Cotton,Kharif,2026-06-09,2026-12-05,Ankur-3028,67.0,5.8
C0227,F0137,Turmeric,Kharif,2025-06-11,2026-02-12,Selam,88.9,2.1
C0228,F0137,Pomegranate,Ambe Bahar,2026-02-28,2026-09-25,Ganesh,136.8,8.5
C0229,F0138,Pomegranate,Mrig Bahar,2024-06-09,2024-12-26,Arakta,94.0,4.4
C0230,F0139,Grapes,Perennial,2024-06-08,2025-04-27,Thompson Seedless,167.2,11.7
C0231,F0139,Bajra,Kharif,2024-06-27,2024-09-11,ICMH-356,44.7,1.2
C0232,F0139,Soybean,Kharif,2024-06-05,2024-09-18,JS-335,68.2,2.7
C0233,F0140,Pomegranate,Mrig Bahar,2026-06-16,2027-01-02,Ganesh,95.4,4.6
C0234,F0141,Soybean,Kharif,2024-06-22,2024-09-25,JS-9560,61.5,1.5
C0235,F0142,Banana,Perennial,2024-10-28,2025-09-04,Basrai,165.4,6.7
C0236,F0143,Banana,Perennial,2024-11-03,2025-09-13,Shrimanti,185.5,5.4
C0237,F0144,Jowar,Kharif,2025-06-24,2025-10-03,CSH-16,47.8,1.3
C0238,F0145,Turmeric,Kharif,2025-07-14,2026-03-18,Selam,71.3,3.7
C0239,F0146,Tomato,Rabi,2025-11-04,2026-01-28,Rupali,96.1,3.5
C0240,F0147,Sugarcane,Kharif,2026-07-27,2027-06-28,CO-86032,120.6,4.0
C0241,F0147,Maize,Rabi,2025-11-08,2026-02-23,Pioneer-3396,65.6,1.8
C0242,F0147,Tomato,Rabi,2024-11-05,2025-02-08,Abhinav,77.7,5.0
C0243,F0148,Tur (Pigeon Pea),Kharif,2024-07-14,2024-12-12,ICPL-87119,29.4,2.1
C0244,F0148,Sugarcane,Kharif,2024-06-23,2025-05-11,CO-8014,148.1,7.1
C0245,F0149,Groundnut,Summer,2024-01-05,2024-05-03,Phule Bharati,47.7,2.6
C0246,F0149,Tur (Pigeon Pea),Kharif,2024-06-03,2024-11-22,Vipula,35.4,2.7
C0247,F0149,Tomato,Rabi,2026-11-11,2027-02-03,Bhagyashree,94.6,5.0
C0248,F0150,Banana,Perennial,2024-11-09,2025-09-12,Grand Naine,211.9,9.9
C0249,F0151,Groundnut,Summer,2026-01-12,2026-05-08,JL-24,54.2,1.1
C0250,F0152,Onion,Late Kharif,2026-09-19,2026-12-29,Bhima Super,56.8,3.9
C0251,F0153,Grapes,Perennial,2026-09-05,2027-07-02,Thompson Seedless,246.7,7.3
C0252,F0154,Cotton,Kharif,2025-06-01,2025-11-01,RCH-2,60.5,5.3
C0253,F0155,Tur (Pigeon Pea),Kharif,2026-07-04,2026-12-12,BDN-711,39.3,1.1
C0254,F0155,Grapes,Perennial,2025-08-19,2026-07-01,Sonaka,161.0,6.7
C0255,F0156,Grapes,Perennial,2024-11-19,2025-09-29,Sharad Seedless,189.7,11.7
C0256,F0156,Pomegranate,Ambe Bahar,2026-02-23,2026-09-17,Arakta,130.4,6.6
C0257,F0156,Onion,Late Kharif,2024-09-11,2025-01-01,Nashik-Red,56.0,3.3
C0258,F0157,Pomegranate,Mrig Bahar,2025-06-11,2026-01-10,Bhagwa,137.5,8.7
C0259,F0157,Tomato,Rabi,2025-10-12,2025-12-29,Bhagyashree,67.5,4.3
C0260,F0158,Maize,Kharif,2024-06-14,2024-10-04,DKC-9081,75.3,2.6
C0261,F0159,Banana,Perennial,2026-10-09,2027-08-25,Basrai,238.7,4.2
C0262,F0159,Sugarcane,Kharif,2025-06-17,2026-04-14,VSI-434,118.9,3.2
C0263,F0159,Turmeric,Kharif,2025-07-21,2026-03-23,Selam,73.0,4.9
C0264,F0160,Banana,Perennial,2026-09-05,2027-07-16,Grand Naine,206.3,9.3
C0265,F0160,Wheat,Rabi,2026-11-09,2027-03-06,NIAW-34,63.5,1.6
C0266,F0160,Cotton,Kharif,2026-06-21,2026-11-30,RCH-2,71.9,3.5
C0267,F0161,Wheat,Rabi,2025-10-08,2026-02-05,Lok-1,67.6,1.6
C0268,F0161,Pomegranate,Mrig Bahar,2024-07-06,2025-01-17,Ganesh,113.4,6.5
C0269,F0161,Tur (Pigeon Pea),Kharif,2024-07-02,2024-12-23,BDN-711,28.2,1.1
C0270,F0162,Tur (Pigeon Pea),Kharif,2025-07-24,2026-01-14,BDN-711,35.4,3.0
C0271,F0162,Maize,Kharif,2025-07-22,2025-11-10,Pioneer-3396,77.0,2.2
C0272,F0162,Sugarcane,Adsali,2026-07-24,2027-07-19,CO-94012,162.8,6.5
C0273,F0163,Soybean,Kharif,2025-06-16,2025-10-01,MAUS-71,44.5,3.1
C0274,F0163,Bajra,Kharif,2026-06-13,2026-09-10,Saburi,36.4,1.2
C0275,F0163,Cotton,Kharif,2025-07-17,2025-12-31,Bunny-BG2,75.9,2.0
C0276,F0164,Tur (Pigeon Pea),Kharif,2025-06-18,2025-11-24,BDN-711,33.7,1.8
C0277,F0164,Bajra,Kharif,2024-07-11,2024-10-13,Shraddha,49.0,0.7
C0278,F0165,Banana,Perennial,2024-01-09,2024-11-22,Shrimanti,183.0,7.2
C0279,F0166,Pomegranate,Mrig Bahar,2026-07-13,2027-02-07,Ganesh,82.4,7.4
C0280,F0167,Sugarcane,Kharif,2026-06-04,2027-05-22,CO-94012,140.1,6.2
C0281,F0168,Soybean,Kharif,2025-07-25,2025-11-16,MAUS-71,50.3,2.3
C0282,F0168,Onion,Rabi,2024-11-11,2025-03-02,Nashik-Red,55.7,2.8
C0283,F0168,Bajra,Kharif,2026-07-23,2026-10-16,Saburi,47.2,0.9
C0284,F0169,Wheat,Rabi,2026-10-14,2027-02-06,Lok-1,85.2,1.7
C0285,F0170,Maize,Kharif,2026-07-01,2026-10-09,DKC-9081,78.4,2.1
C0286,F0171,Bajra,Kharif,2026-06-07,2026-08-26,ICMH-356,44.2,1.1
C0287,F0171,Turmeric,Kharif,2026-06-14,2027-02-28,Selam,77.3,3.6
C0288,F0171,Cotton,Kharif,2024-06-03,2024-11-05,Bunny-BG2,82.9,4.5
C0289,F0172,Sugarcane,Kharif,2026-07-05,2027-05-31,CO-94012,122.0,3.2
C0290,F0172,Maize,Kharif,2026-06-12,2026-09-26,DKC-9081,75.0,1.0
C0291,F0173,Bajra,Kharif,2025-06-20,2025-09-10,Shraddha,30.6,0.7
C0292,F0174,Soybean,Kharif,2025-07-14,2025-11-05,JS-9560,68.8,2.2
C0293,F0174,Jowar,Kharif,2024-07-22,2024-11-17,CSH-16,40.3,1.1
C0294,F0175,Sugarcane,Kharif,2024-06-06,2025-05-17,VSI-434,114.9,7.9
C0295,F0175,Tomato,Kharif,2025-07-04,2025-09-27,Bhagyashree,94.9,4.3
C0296,F0176,Cotton,Kharif,2026-06-13,2026-11-16,Bunny-BG2,61.3,2.9
C0297,F0176,Bajra,Kharif,2025-06-11,2025-08-29,Shraddha,42.6,0.6
C0298,F0177,Turmeric,Kharif,2026-07-15,2027-04-07,Selam,78.0,3.1
C0299,F0178,Bajra,Kharif,2025-07-17,2025-10-06,Shraddha,46.5,1.2
C0300,F0178,Maize,Rabi,2026-11-19,2027-03-10,African Tall,59.9,2.2
C0301,F0179,Turmeric,Kharif,2026-06-18,2027-03-12,Phule Swarna,106.8,4.3
C0302,F0180,Groundnut,Kharif,2025-06-13,2025-09-23,Phule Bharati,34.4,2.7
C0303,F0181,Maize,Kharif,2024-07-26,2024-11-19,DKC-9081,57.7,2.4
C0304,F0182,Wheat,Rabi,2026-11-10,2027-03-11,HD-2189,93.8,1.4
C0305,F0183,Maize,Kharif,2025-06-01,2025-09-20,African Tall,82.0,2.4
C0306,F0183,Turmeric,Kharif,2024-07-08,2025-04-01,Phule Swarna,87.6,3.9
C0307,F0184,Cotton,Kharif,2026-06-23,2026-12-11,BT-Cotton,66.2,4.4
C0308,F0185,Tomato,Kharif,2024-07-24,2024-10-08,Bhagyashree,72.4,5.6
C0309,F0186,Turmeric,Kharif,2026-07-23,2027-04-05,Phule Swarna,116.3,4.0
C0310,F0187,Banana,Perennial,2026-05-02,2027-03-26,Basrai,216.8,4.3
C0311,F0187,Sugarcane,Kharif,2026-06-02,2027-05-08,CO-8014,162.2,4.7
C0312,F0188,Bajra,Kharif,2026-06-09,2026-09-08,Shraddha,33.7,1.4
C0313,F0188,Groundnut,Summer,2025-02-17,2025-05-29,Phule Bharati,47.5,1.9
C0314,F0188,Turmeric,Kharif,2025-06-02,2026-02-27,Rajapuri,111.3,3.7
C0315,F0189,Soybean,Kharif,2026-07-08,2026-10-12,JS-335,50.7,2.0
C0316,F0190,Wheat,Rabi,2024-11-22,2025-03-27,Lok-1,88.2,0.5
C0317,F0191,Soybean,Kharif,2026-07-05,2026-10-12,MAUS-71,56.9,1.8
C0318,F0191,Maize,Kharif,2026-07-25,2026-11-07,African Tall,76.7,2.2
C0319,F0192,Tomato,Kharif,2024-06-23,2024-09-15,Abhinav,74.4,3.8
C0320,F0193,Wheat,Rabi,2024-10-23,2025-02-19,HD-2189,98.5,0.8
C0321,F0194,Pomegranate,Mrig Bahar,2025-06-18,2025-12-19,Bhagwa,80.6,9.0
C0322,F0195,Cotton,Kharif,2026-07-04,2026-12-21,Bunny-BG2,88.3,4.0
C0323,F0195,Groundnut,Summer,2024-02-03,2024-06-02,JL-24,45.7,2.9
C0324,F0196,Wheat,Rabi,2024-10-24,2025-02-11,Lok-1,91.0,2.2
C0325,F0196,Maize,Rabi,2025-10-21,2026-02-14,African Tall,56.7,2.6
C0326,F0197,Groundnut,Summer,2025-01-21,2025-05-12,JL-24,35.8,1.3
C0327,F0197,Pomegranate,Mrig Bahar,2025-06-02,2025-12-01,Bhagwa,114.0,7.1
C0328,F0198,Groundnut,Kharif,2024-07-14,2024-11-06,Phule Bharati,33.9,1.6
C0329,F0198,Bajra,Kharif,2024-06-06,2024-08-24,ICMH-356,40.9,0.9
C0330,F0199,Turmeric,Kharif,2024-07-01,2025-02-27,Rajapuri,112.8,4.4
C0331,F0199,Tur (Pigeon Pea),Kharif,2024-07-03,2024-12-21,BDN-711,35.3,1.8
C0332,F0199,Banana,Perennial,2024-08-01,2025-06-18,Grand Naine,249.4,5.0
C0333,F0200,Tur (Pigeon Pea),Kharif,2026-06-16,2026-11-15,Vipula,31.5,1.9
C0334,F0201,Banana,Perennial,2026-10-03,2027-08-24,Grand Naine,229.5,6.0
C0335,F0201,Maize,Rabi,2026-11-12,2027-03-07,African Tall,75.9,1.6
C0336,F0201,Soybean,Kharif,2026-06-28,2026-10-07,JS-335,60.4,2.1
C0337,F0202,Maize,Rabi,2026-11-12,2027-03-08,Pioneer-3396,72.6,1.8
C0338,F0203,Soybean,Kharif,2026-06-08,2026-09-19,MAUS-71,42.8,2.3
C0339,F0204,Tur (Pigeon Pea),Kharif,2026-07-08,2026-12-22,Vipula,38.9,2.5
C0340,F0205,Pomegranate,Ambe Bahar,2025-01-28,2025-08-28,Arakta,110.4,8.2
C0341,F0205,Cotton,Kharif,2026-06-15,2026-12-08,Bunny-BG2,71.8,5.9
C0342,F0205,Bajra,Kharif,2026-07-25,2026-10-10,Shraddha,34.3,1.1
C0343,F0206,Sugarcane,Adsali,2024-07-23,2025-06-15,VSI-434,124.0,6.5
C0344,F0207,Banana,Perennial,2026-04-19,2027-02-16,Basrai,245.8,5.0
C0345,F0208,Jowar,Kharif,2025-06-08,2025-09-27,Phule Suchitra,48.4,1.9
C0346,F0208,Tomato,Kharif,2024-07-04,2024-09-28,Bhagyashree,73.1,5.4
C0347,F0209,Banana,Perennial,2025-06-07,2026-04-25,Shrimanti,152.3,9.9
C0348,F0210,Tomato,Rabi,2025-10-03,2026-01-11,Rupali,67.4,5.2
C0349,F0211,Maize,Rabi,2024-11-18,2025-03-06,DKC-9081,50.6,1.7
C0350,F0212,Grapes,Perennial,2024-01-03,2024-11-03,Sharad Seedless,231.8,10.1
C0351,F0213,Tur (Pigeon Pea),Kharif,2026-07-13,2026-12-17,Vipula,35.3,1.7
C0352,F0214,Wheat,Rabi,2024-10-27,2025-02-25,NIAW-34,78.7,1.7
C0353,F0214,Soybean,Kharif,2025-07-01,2025-10-14,MAUS-71,54.5,1.6
C0354,F0215,Banana,Perennial,2026-03-24,2027-02-08,Grand Naine,180.0,5.6
C0355,F0216,Wheat,Rabi,2026-10-18,2027-02-08,Lok-1,91.0,1.8
C0356,F0216,Jowar,Kharif,2025-07-26,2025-11-10,CSH-16,47.0,1.0
C0357,F0217,Groundnut,Kharif,2025-07-11,2025-10-20,Phule Bharati,38.4,1.6
C0358,F0217,Jowar,Rabi,2026-11-08,2027-02-23,Malduri Local,33.8,0.8
C0359,F0218,Maize,Rabi,2025-11-06,2026-03-04,Pioneer-3396,55.8,2.4
C0360,F0218,Tur (Pigeon Pea),Kharif,2026-07-03,2026-12-29,BDN-711,36.7,1.2
C0361,F0218,Bajra,Kharif,2025-07-15,2025-10-09,Saburi,35.7,1.4
C0362,F0219,Tur (Pigeon Pea),Kharif,2024-07-09,2024-12-23,BDN-711,40.2,2.3
C0363,F0220,Sugarcane,Kharif,2024-07-15,2025-06-05,CO-94012,169.1,6.2
C0364,F0221,Groundnut,Kharif,2024-06-03,2024-09-13,Phule Bharati,38.5,1.3
C0365,F0222,Grapes,Perennial,2026-06-01,2027-04-03,Sonaka,182.7,10.5
C0366,F0223,Bajra,Kharif,2024-06-28,2024-09-24,Shraddha,27.2,1.1
C0367,F0223,Pomegranate,Mrig Bahar,2026-07-09,2027-02-03,Bhagwa,81.5,5.6
C0368,F0224,Jowar,Rabi,2026-11-06,2027-02-16,CSH-16,33.9,0.7
C0369,F0224,Sugarcane,Kharif,2025-07-14,2026-06-23,CO-8014,152.6,6.0
C0370,F0225,Groundnut,Summer,2026-02-25,2026-06-06,Phule Bharati,37.7,2.5
C0371,F0226,Tur (Pigeon Pea),Kharif,2026-07-05,2026-12-10,BDN-711,36.2,1.2
C0372,F0226,Grapes,Perennial,2024-11-08,2025-09-16,Thompson Seedless,243.7,9.7
C0373,F0226,Wheat,Rabi,2024-10-18,2025-02-10,HD-2189,97.6,1.2
C0374,F0227,Soybean,Kharif,2026-06-12,2026-09-22,JS-9560,69.5,2.2
C0375,F0228,Jowar,Rabi,2025-10-11,2026-01-19,CSH-16,46.5,0.5
C0376,F0228,Tomato,Kharif,2026-07-02,2026-09-22,Bhagyashree,75.0,6.6
C0377,F0229,Maize,Kharif,2024-07-01,2024-10-17,African Tall,67.4,1.5
C0378,F0230,Tomato,Kharif,2026-07-10,2026-10-08,Abhinav,99.3,6.2
C0379,F0231,Banana,Perennial,2024-05-10,2025-03-08,Shrimanti,150.4,9.2
C0380,F0232,Jowar,Rabi,2024-10-26,2025-02-09,Phule Suchitra,39.0,1.7
C0381,F0233,Soybean,Kharif,2026-06-26,2026-10-02,JS-335,69.2,1.0
C0382,F0233,Bajra,Kharif,2024-07-04,2024-09-22,ICMH-356,42.1,0.6
C0383,F0233,Banana,Perennial,2026-11-23,2027-10-01,Shrimanti,257.8,4.2
C0384,F0234,Tomato,Rabi,2024-10-17,2025-01-19,Abhinav,83.0,5.8
C0385,F0235,Sugarcane,Kharif,2024-06-16,2025-04-29,VSI-434,100.2,4.1
C0386,F0235,Jowar,Kharif,2026-06-17,2026-10-06,Malduri Local,53.9,0.6
C0387,F0236,Turmeric,Kharif,2025-06-01,2026-02-04,Phule Swarna,73.4,2.1
C0388,F0236,Onion,Rabi,2025-11-09,2026-02-17,Bhima Super,52.2,3.1
C0389,F0236,Groundnut,Summer,2026-02-23,2026-06-16,Phule Bharati,47.9,1.8
C0390,F0237,Bajra,Kharif,2024-07-25,2024-10-20,ICMH-356,45.1,1.4
C0391,F0238,Onion,Late Kharif,2026-09-08,2026-12-23,Agrifound Dark Red,37.9,3.6
C0392,F0238,Pomegranate,Ambe Bahar,2026-01-13,2026-08-16,Ganesh,121.1,6.2
C0393,F0239,Tur (Pigeon Pea),Kharif,2025-07-17,2025-12-24,Vipula,35.9,1.8
C0394,F0239,Pomegranate,Mrig Bahar,2025-06-13,2026-01-12,Ganesh,116.8,7.4
C0395,F0240,Maize,Kharif,2026-07-09,2026-11-01,African Tall,63.9,2.2
C0396,F0241,Soybean,Kharif,2026-06-17,2026-09-25,JS-9560,47.2,1.4
C0397,F0241,Cotton,Kharif,2024-06-11,2024-11-20,Ankur-3028,83.3,5.3
C0398,F0242,Soybean,Kharif,2025-06-12,2025-09-26,MAUS-71,64.1,2.3
C0399,F0243,Cotton,Kharif,2025-07-15,2026-01-03,BT-Cotton,68.0,3.9
C0400,F0244,Tomato,Rabi,2024-10-12,2025-01-10,Bhagyashree,86.4,5.5
C0401,F0244,Grapes,Perennial,2025-05-01,2026-03-14,Thompson Seedless,150.1,7.6
C0402,F0245,Wheat,Rabi,2025-11-08,2026-03-06,HD-2189,63.7,1.8
C0403,F0245,Groundnut,Kharif,2024-06-14,2024-10-01,Phule Bharati,49.5,2.8
C0404,F0246,Bajra,Kharif,2026-07-14,2026-10-10,Saburi,40.2,0.8
C0405,F0246,Jowar,Kharif,2025-06-20,2025-10-04,Phule Suchitra,44.5,0.6
C0406,F0247,Turmeric,Kharif,2024-07-13,2025-03-22,Rajapuri,90.7,4.8
C0407,F0248,Tomato,Rabi,2026-11-15,2027-02-20,Rupali,76.6,4.9
C0408,F0248,Sugarcane,Kharif,2025-07-16,2026-05-29,CO-86032,153.6,6.7
C0409,F0249,Sugarcane,Adsali,2026-08-25,2027-08-09,VSI-434,109.4,4.1
C0410,F0250,Turmeric,Kharif,2024-07-03,2025-03-27,Selam,98.2,2.2
C0411,F0251,Groundnut,Summer,2024-02-27,2024-06-24,TAG-24,55.0,2.6
C0412,F0251,Jowar,Kharif,2025-07-07,2025-10-31,CSH-16,34.7,1.3
C0413,F0252,Cotton,Kharif,2025-07-18,2025-12-27,Bunny-BG2,77.2,3.2
C0414,F0252,Jowar,Kharif,2025-07-28,2025-11-22,Malduri Local,37.6,0.7
C0415,F0253,Maize,Rabi,2025-11-23,2026-03-21,Pioneer-3396,64.6,2.6
C0416,F0254,Banana,Perennial,2026-06-01,2027-04-14,Grand Naine,195.0,7.4
C0417,F0255,Wheat,Rabi,2025-11-07,2026-03-03,NIAW-34,84.4,1.3
C0418,F0256,Onion,Rabi,2024-11-28,2025-03-28,Nashik-Red,36.2,3.7
C0419,F0256,Banana,Perennial,2026-08-06,2027-06-02,Basrai,211.7,8.8
C0420,F0257,Maize,Rabi,2024-10-05,2025-01-19,African Tall,54.0,1.2
C0421,F0258,Sugarcane,Kharif,2026-07-23,2027-07-14,VSI-434,112.4,3.3
C0422,F0258,Bajra,Kharif,2024-06-27,2024-09-24,ICMH-356,44.0,1.4
C0423,F0259,Groundnut,Kharif,2025-07-11,2025-11-05,TAG-24,33.8,2.6
C0424,F0259,Grapes,Perennial,2025-01-11,2025-11-19,Thompson Seedless,214.1,7.3
C0425,F0260,Cotton,Kharif,2024-06-14,2024-11-21,Bunny-BG2,54.6,5.3
C0426,F0260,Onion,Rabi,2026-10-21,2027-02-14,Agrifound Dark Red,36.8,2.7
C0427,F0261,Tomato,Kharif,2024-06-16,2024-09-07,Rupali,83.9,5.2
C0428,F0262,Soybean,Kharif,2025-06-19,2025-10-01,JS-335,57.4,1.3
C0429,F0263,Onion,Rabi,2026-11-02,2027-02-15,Bhima Super,43.8,2.7
C0430,F0264,Jowar,Kharif,2024-07-26,2024-11-05,Phule Suchitra,44.0,0.6
C0431,F0265,Tomato,Kharif,2025-06-02,2025-08-17,Bhagyashree,83.2,4.7
C0432,F0265,Soybean,Kharif,2025-07-03,2025-10-17,MAUS-71,59.9,1.4
C0433,F0266,Cotton,Kharif,2024-07-10,2024-12-11,Ankur-3028,53.8,5.5
C0434,F0267,Tur (Pigeon Pea),Kharif,2026-06-11,2026-11-22,BDN-711,28.3,2.1
C0435,F0268,Jowar,Rabi,2025-10-05,2026-01-20,Phule Suchitra,51.8,1.3
C0436,F0268,Onion,Rabi,2024-10-02,2025-01-25,Agrifound Dark Red,49.3,3.2
C0437,F0269,Tomato,Rabi,2024-11-01,2025-01-28,Rupali,85.0,3.4
C0438,F0270,Cotton,Kharif,2024-06-20,2024-12-11,BT-Cotton,82.9,2.3
C0439,F0270,Banana,Perennial,2024-01-07,2024-11-21,Basrai,169.2,5.8
C0440,F0271,Tomato,Kharif,2026-06-01,2026-08-25,Rupali,91.5,3.1
C0441,F0272,Soybean,Kharif,2024-07-25,2024-11-01,JS-335,45.9,1.5
C0442,F0272,Groundnut,Summer,2026-01-01,2026-04-26,TAG-24,42.4,2.6
C0443,F0273,Tomato,Rabi,2024-10-28,2025-01-22,Rupali,63.7,5.9
C0444,F0273,Pomegranate,Mrig Bahar,2026-06-26,2027-01-23,Arakta,126.3,6.5
C0445,F0273,Maize,Rabi,2026-11-02,2027-02-24,African Tall,73.6,1.9
C0446,F0274,Tomato,Kharif,2026-06-03,2026-09-11,Rupali,90.0,6.4
C0447,F0274,Turmeric,Kharif,2024-07-18,2025-03-22,Phule Swarna,98.8,4.8
C0448,F0275,Sugarcane,Adsali,2026-08-27,2027-08-10,VSI-434,175.8,4.1
C0449,F0275,Bajra,Kharif,2026-07-26,2026-10-18,Shraddha,32.5,1.1
C0450,F0275,Maize,Kharif,2025-07-14,2025-11-10,DKC-9081,68.3,1.7
C0451,F0276,Jowar,Rabi,2025-10-10,2026-01-28,CSH-16,54.8,0.8
C0452,F0277,Bajra,Kharif,2024-06-22,2024-09-25,Shraddha,34.4,1.4
C0453,F0277,Maize,Rabi,2025-11-05,2026-02-24,Pioneer-3396,59.0,2.8
C0454,F0277,Grapes,Perennial,2025-08-11,2026-07-07,Sharad Seedless,229.1,9.6
C0455,F0278,Soybean,Kharif,2024-06-04,2024-09-14,JS-9560,57.0,2.6
C0456,F0278,Bajra,Kharif,2026-06-18,2026-09-17,Saburi,34.4,1.4
C0457,F0278,Grapes,Perennial,2026-07-03,2027-05-15,Sharad Seedless,183.1,7.6
C0458,F0279,Wheat,Rabi,2026-10-21,2027-02-23,HD-2189,74.5,2.5
C0459,F0280,Turmeric,Kharif,2026-07-15,2027-03-21,Rajapuri,114.6,4.2
C0460,F0281,Sugarcane,Adsali,2024-07-09,2025-05-23,CO-8014,147.0,5.9
C0461,F0281,Jowar,Kharif,2025-06-24,2025-10-20,Phule Suchitra,54.6,1.4
C0462,F0282,Tomato,Rabi,2025-11-21,2026-02-06,Bhagyashree,85.6,5.0
C0463,F0283,Jowar,Rabi,2024-11-27,2025-03-08,Phule Suchitra,38.7,0.7
C0464,F0283,Groundnut,Kharif,2024-07-24,2024-11-17,TAG-24,47.0,2.8
C0465,F0283,Wheat,Rabi,2025-11-23,2026-03-18,HD-2189,72.4,2.4
C0466,F0284,Jowar,Rabi,2025-10-22,2026-02-07,Malduri Local,39.8,1.1
C0467,F0285,Wheat,Rabi,2026-11-21,2027-03-16,HD-2189,61.8,1.1
C0468,F0285,Cotton,Kharif,2026-07-25,2026-12-24,Ankur-3028,65.7,4.9
C0469,F0285,Onion,Late Kharif,2026-09-28,2027-01-26,Nashik-Red,41.5,3.4
C0470,F0286,Turmeric,Kharif,2025-07-09,2026-03-13,Selam,113.8,2.3
C0471,F0287,Turmeric,Kharif,2025-06-21,2026-02-21,Rajapuri,101.7,4.1
C0472,F0287,Bajra,Kharif,2025-07-13,2025-10-08,ICMH-356,45.1,0.8
C0473,F0288,Turmeric,Kharif,2026-07-22,2027-04-17,Phule Swarna,76.7,3.0
C0474,F0289,Bajra,Kharif,2026-06-28,2026-09-29,Saburi,30.9,0.9
C0475,F0290,Groundnut,Summer,2026-01-05,2026-04-22,Phule Bharati,51.2,1.5
C0476,F0291,Wheat,Rabi,2026-11-10,2027-03-04,NIAW-34,88.2,1.9
C0477,F0292,Wheat,Rabi,2026-11-20,2027-03-16,Lok-1,72.4,1.2
C0478,F0292,Groundnut,Kharif,2025-06-23,2025-10-17,TAG-24,33.0,2.9
C0479,F0293,Tur (Pigeon Pea),Kharif,2025-07-17,2025-12-15,ICPL-87119,36.8,2.2
C0480,F0294,Grapes,Perennial,2024-08-08,2025-06-13,Sharad Seedless,243.6,11.8
C0481,F0295,Onion,Rabi,2025-10-08,2026-01-21,Nashik-Red,55.3,2.2
C0482,F0295,Banana,Perennial,2024-11-09,2025-09-28,Grand Naine,214.3,6.4
C0483,F0296,Pomegranate,Ambe Bahar,2026-01-26,2026-08-17,Arakta,99.8,8.9
C0484,F0296,Bajra,Kharif,2026-07-19,2026-10-06,ICMH-356,36.3,1.2
C0485,F0297,Tur (Pigeon Pea),Kharif,2026-06-04,2026-11-13,BDN-711,30.7,1.4
C0486,F0297,Onion,Rabi,2025-10-26,2026-02-09,Bhima Super,40.0,3.4
C0487,F0298,Wheat,Rabi,2026-10-03,2027-02-01,Lok-1,76.7,2.2
C0488,F0298,Groundnut,Summer,2026-02-21,2026-06-06,Phule Bharati,45.8,3.0
C0489,F0299,Sugarcane,Kharif,2026-07-14,2027-05-13,VSI-434,161.8,4.7
C0490,F0300,Jowar,Rabi,2024-11-26,2025-03-16,Malduri Local,52.4,2.0
C0491,F0300,Tomato,Rabi,2026-11-17,2027-02-12,Abhinav,74.2,5.6
C0492,F0300,Tur (Pigeon Pea),Kharif,2026-07-27,2027-01-09,ICPL-87119,40.5,2.5
C0493,F0301,Banana,Perennial,2024-03-01,2024-12-29,Grand Naine,230.1,7.2
C0494,F0302,Turmeric,Kharif,2025-06-07,2026-03-02,Rajapuri,96.7,2.2
C0495,F0303,Pomegranate,Mrig Bahar,2025-06-01,2025-12-13,Bhagwa,134.3,5.9
C0496,F0304,Pomegranate,Ambe Bahar,2024-02-15,2024-09-18,Arakta,135.2,7.4
C0497,F0305,Tomato,Rabi,2025-10-13,2026-01-16,Bhagyashree,94.5,7.0
C0498,F0305,Cotton,Kharif,2026-07-20,2026-12-21,BT-Cotton,86.4,4.4
C0499,F0305,Pomegranate,Ambe Bahar,2026-01-26,2026-08-08,Bhagwa,103.5,7.9
C0500,F0306,Maize,Kharif,2024-06-07,2024-09-15,Pioneer-3396,68.7,1.8
C0501,F0306,Groundnut,Kharif,2026-06-18,2026-10-16,Phule Bharati,53.0,1.5
C0502,F0307,Sugarcane,Adsali,2024-07-06,2025-05-20,CO-8014,149.3,4.6
C0503,F0308,Banana,Perennial,2024-01-18,2024-12-03,Grand Naine,205.3,7.7
C0504,F0308,Bajra,Kharif,2026-06-22,2026-09-22,Saburi,32.3,0.9
C0505,F0309,Groundnut,Kharif,2024-06-27,2024-10-21,JL-24,35.2,2.4
C0506,F0310,Maize,Kharif,2026-06-18,2026-10-12,DKC-9081,77.1,1.2
C0507,F0310,Bajra,Kharif,2024-06-12,2024-09-03,ICMH-356,32.7,0.8
C0508,F0311,Pomegranate,Mrig Bahar,2024-06-03,2024-12-04,Bhagwa,86.8,7.5
C0509,F0312,Grapes,Perennial,2025-10-19,2026-09-04,Thompson Seedless,241.6,10.4
C0510,F0312,Bajra,Kharif,2024-06-23,2024-09-06,Saburi,42.0,1.3
C0511,F0313,Banana,Perennial,2024-10-10,2025-08-20,Shrimanti,227.7,5.5
C0512,F0314,Jowar,Kharif,2025-07-04,2025-10-17,Malduri Local,34.1,1.9
C0513,F0315,Tur (Pigeon Pea),Kharif,2025-06-01,2025-11-11,Vipula,25.4,1.5
C0514,F0315,Tomato,Kharif,2025-06-25,2025-10-02,Abhinav,95.6,6.2
C0515,F0316,Cotton,Kharif,2025-07-12,2025-12-11,BT-Cotton,88.6,2.6
C0516,F0316,Sugarcane,Kharif,2026-06-14,2027-04-21,CO-8014,117.4,6.8
C0517,F0317,Groundnut,Kharif,2024-07-20,2024-11-02,Phule Bharati,53.7,1.6
C0518,F0317,Wheat,Rabi,2024-11-09,2025-02-27,Lok-1,87.6,0.9
C0519,F0317,Bajra,Kharif,2026-06-21,2026-09-06,Saburi,26.7,0.9
C0520,F0318,Groundnut,Kharif,2026-06-03,2026-09-22,TAG-24,33.6,1.2
C0521,F0319,Grapes,Perennial,2025-03-04,2026-01-06,Sonaka,189.5,10.2
C0522,F0320,Groundnut,Kharif,2025-07-11,2025-10-25,TAG-24,39.7,2.6
C0523,F0321,Onion,Late Kharif,2026-09-09,2027-01-06,Nashik-Red,56.1,1.7
C0524,F0322,Tomato,Kharif,2026-07-06,2026-09-20,Abhinav,79.3,6.3
C0525,F0323,Wheat,Rabi,2026-10-02,2027-01-22,HD-2189,60.6,2.2
C0526,F0324,Jowar,Rabi,2026-10-05,2027-01-24,Phule Suchitra,36.3,1.0
C0527,F0325,Cotton,Kharif,2024-07-25,2025-01-03,BT-Cotton,59.0,2.8
C0528,F0325,Turmeric,Kharif,2025-07-08,2026-03-25,Phule Swarna,83.1,2.0
C0529,F0326,Bajra,Kharif,2024-07-01,2024-09-29,ICMH-356,37.2,0.6
C0530,F0327,Tur (Pigeon Pea),Kharif,2024-07-16,2025-01-11,BDN-711,43.2,1.9
C0531,F0327,Cotton,Kharif,2024-06-03,2024-11-08,Ankur-3028,67.8,3.0
C0532,F0328,Sugarcane,Kharif,2026-06-16,2027-05-09,VSI-434,108.8,7.7
C0533,F0329,Onion,Rabi,2026-11-07,2027-02-18,Nashik-Red,46.9,2.7
C0534,F0329,Grapes,Perennial,2026-03-03,2027-01-22,Sonaka,213.1,6.6
C0535,F0330,Tomato,Kharif,2024-06-23,2024-09-21,Rupali,70.3,5.0
C0536,F0331,Tomato,Rabi,2026-11-22,2027-02-28,Abhinav,81.5,3.9
C0537,F0331,Grapes,Perennial,2026-10-05,2027-08-21,Sonaka,164.5,10.8
C0538,F0332,Groundnut,Kharif,2026-06-01,2026-09-28,JL-24,52.5,1.2
C0539,F0332,Sugarcane,Kharif,2024-07-15,2025-05-28,CO-8014,124.4,4.6
C0540,F0332,Jowar,Kharif,2024-07-01,2024-10-14,CSH-16,39.0,1.2
C0541,F0333,Jowar,Rabi,2026-10-20,2027-02-03,CSH-16,50.8,0.8
C0542,F0334,Tur (Pigeon Pea),Kharif,2024-07-06,2024-12-13,ICPL-87119,38.4,1.0
C0543,F0334,Wheat,Rabi,2024-10-27,2025-02-14,Lok-1,84.3,1.0
C0544,F0334,Onion,Late Kharif,2025-09-05,2025-12-22,Nashik-Red,49.1,2.2
C0545,F0335,Banana,Perennial,2026-03-19,2027-01-23,Grand Naine,168.5,6.5
C0546,F0336,Turmeric,Kharif,2025-07-19,2026-04-06,Selam,113.0,4.9
C0547,F0337,Groundnut,Summer,2024-01-14,2024-04-26,TAG-24,52.6,1.1
C0548,F0338,Soybean,Kharif,2025-06-17,2025-10-02,JS-9560,64.2,2.6
C0549,F0338,Turmeric,Kharif,2025-06-16,2026-03-04,Rajapuri,99.3,4.4
C0550,F0339,Grapes,Perennial,2026-05-19,2027-03-27,Thompson Seedless,235.9,11.7
C0551,F0339,Onion,Rabi,2025-11-17,2026-03-05,Agrifound Dark Red,55.6,3.3
C0552,F0339,Bajra,Kharif,2026-07-07,2026-09-30,Shraddha,36.1,0.8
C0553,F0340,Maize,Rabi,2025-10-14,2026-01-24,Pioneer-3396,71.7,1.8
C0554,F0340,Soybean,Kharif,2026-06-12,2026-09-26,JS-9560,59.9,2.9
C0555,F0341,Onion,Rabi,2025-10-02,2026-01-26,Nashik-Red,57.1,3.0
C0556,F0342,Tur (Pigeon Pea),Kharif,2025-07-12,2025-12-31,ICPL-87119,31.3,2.6
C0557,F0342,Pomegranate,Ambe Bahar,2026-01-13,2026-08-04,Bhagwa,137.7,7.8
C0558,F0343,Maize,Kharif,2026-06-12,2026-09-29,African Tall,60.2,2.6
C0559,F0343,Onion,Late Kharif,2026-08-07,2026-11-15,Agrifound Dark Red,48.4,3.3
C0560,F0344,Cotton,Kharif,2024-06-23,2024-11-27,BT-Cotton,56.9,2.7
C0561,F0345,Tomato,Rabi,2024-10-03,2024-12-23,Abhinav,78.8,3.3
C0562,F0345,Onion,Late Kharif,2025-09-14,2026-01-07,Bhima Super,43.3,3.8
C0563,F0345,Sugarcane,Adsali,2024-08-03,2025-06-07,CO-86032,155.7,4.3
C0564,F0346,Groundnut,Summer,2026-02-05,2026-05-22,Phule Bharati,53.2,2.1
C0565,F0346,Jowar,Kharif,2024-07-13,2024-10-30,Phule Suchitra,30.4,1.0
C0566,F0347,Tur (Pigeon Pea),Kharif,2024-06-07,2024-11-29,Vipula,34.0,1.9
C0567,F0348,Pomegranate,Mrig Bahar,2026-07-05,2027-01-01,Bhagwa,136.0,5.1
C0568,F0348,Cotton,Kharif,2024-07-17,2024-12-27,Ankur-3028,79.0,2.1
C0569,F0349,Onion,Late Kharif,2024-09-20,2025-01-04,Nashik-Red,40.1,2.3
C0570,F0349,Grapes,Perennial,2024-03-02,2025-01-03,Sonaka,227.1,11.0
C0571,F0350,Groundnut,Summer,2025-02-17,2025-06-06,TAG-24,49.4,1.6
C0572,F0350,Tomato,Kharif,2024-07-17,2024-10-07,Abhinav,67.0,5.5
C0573,F0351,Sugarcane,Kharif,2025-06-26,2026-06-25,CO-94012,154.9,5.4
C0574,F0352,Cotton,Kharif,2026-06-20,2026-11-29,Bunny-BG2,69.3,3.0
C0575,F0353,Onion,Late Kharif,2025-09-25,2026-01-14,Agrifound Dark Red,46.2,3.8
C0576,F0353,Tur (Pigeon Pea),Kharif,2026-06-04,2026-11-25,ICPL-87119,26.8,2.8
C0577,F0354,Turmeric,Kharif,2024-07-22,2025-04-07,Selam,85.0,2.2
C0578,F0355,Tomato,Kharif,2026-06-05,2026-08-31,Bhagyashree,63.8,6.9
C0579,F0355,Jowar,Kharif,2024-07-25,2024-11-06,Phule Suchitra,32.7,0.6
C0580,F0356,Grapes,Perennial,2024-04-06,2025-02-12,Sonaka,220.8,8.2
C0581,F0357,Tur (Pigeon Pea),Kharif,2025-07-16,2025-12-20,BDN-711,37.1,1.6
C0582,F0357,Grapes,Perennial,2025-12-07,2026-10-26,Thompson Seedless,224.9,11.5
C0583,F0357,Cotton,Kharif,2024-07-26,2024-12-30,BT-Cotton,60.2,3.9
C0584,F0358,Soybean,Kharif,2025-06-24,2025-10-07,MAUS-71,45.6,2.0
C0585,F0358,Turmeric,Kharif,2024-07-01,2025-03-23,Phule Swarna,100.3,4.7
C0586,F0358,Pomegranate,Mrig Bahar,2024-07-27,2025-02-09,Ganesh,98.1,7.1
C0587,F0359,Wheat,Rabi,2024-10-22,2025-02-22,NIAW-34,90.8,1.6
C0588,F0360,Turmeric,Kharif,2026-06-25,2027-02-24,Phule Swarna,82.7,4.0
C0589,F0360,Maize,Rabi,2025-11-05,2026-02-20,African Tall,78.5,2.3
C0590,F0360,Tomato,Rabi,2025-10-28,2026-01-21,Abhinav,94.3,6.8
C0591,F0361,Grapes,Perennial,2025-08-26,2026-07-06,Sharad Seedless,237.0,7.3
C0592,F0361,Maize,Rabi,2025-10-03,2026-01-14,Pioneer-3396,63.1,1.1
C0593,F0361,Sugarcane,Kharif,2024-07-03,2025-05-07,VSI-434,159.3,4.0
C0594,F0362,Bajra,Kharif,2025-07-10,2025-10-13,Saburi,47.2,1.1
C0595,F0363,Jowar,Rabi,2026-11-19,2027-03-02,Phule Suchitra,44.7,1.7
C0596,F0364,Tur (Pigeon Pea),Kharif,2024-06-07,2024-11-10,ICPL-87119,35.9,2.9
C0597,F0364,Banana,Perennial,2026-10-02,2027-08-12,Basrai,212.6,4.1
C0598,F0365,Cotton,Kharif,2026-07-27,2027-01-09,Ankur-3028,54.1,5.2
C0599,F0366,Sugarcane,Adsali,2026-08-06,2027-07-20,CO-86032,174.4,4.0
C0600,F0366,Onion,Late Kharif,2025-08-16,2025-12-11,Agrifound Dark Red,35.3,3.7
C0601,F0367,Bajra,Kharif,2024-06-21,2024-09-21,Shraddha,46.7,0.9
C0602,F0367,Turmeric,Kharif,2024-06-17,2025-03-11,Rajapuri,115.0,4.9
C0603,F0368,Banana,Perennial,2024-03-21,2025-01-29,Grand Naine,196.6,7.6
C0604,F0368,Soybean,Kharif,2026-07-08,2026-10-24,JS-335,55.4,2.2
C0605,F0369,Sugarcane,Adsali,2026-07-24,2027-06-19,CO-94012,118.6,7.1
C0606,F0370,Soybean,Kharif,2026-06-24,2026-10-11,MAUS-71,57.8,1.5
C0607,F0371,Bajra,Kharif,2025-06-15,2025-08-31,Shraddha,47.4,1.1
C0608,F0371,Grapes,Perennial,2024-06-15,2025-04-16,Sharad Seedless,171.6,9.3
C0609,F0372,Groundnut,Kharif,2024-06-06,2024-09-27,JL-24,45.5,1.6
C0610,F0373,Onion,Late Kharif,2024-08-07,2024-12-03,Bhima Super,38.1,2.2
C0611,F0374,Turmeric,Kharif,2026-07-16,2027-04-12,Phule Swarna,93.6,2.6
C0612,F0375,Soybean,Kharif,2024-06-12,2024-09-27,JS-335,52.1,1.9
C0613,F0375,Grapes,Perennial,2025-06-23,2026-05-11,Sonaka,214.5,8.8
C0614,F0376,Grapes,Perennial,2026-08-12,2027-06-24,Sharad Seedless,221.2,10.1
C0615,F0376,Sugarcane,Adsali,2026-08-06,2027-06-02,CO-8014,150.1,6.4
C0616,F0377,Jowar,Kharif,2025-06-18,2025-10-13,Malduri Local,46.3,0.9
C0617,F0378,Banana,Perennial,2026-06-26,2027-05-07,Shrimanti,204.5,6.2
C0618,F0379,Jowar,Rabi,2026-11-04,2027-02-22,Malduri Local,39.7,1.4
C0619,F0379,Grapes,Perennial,2024-06-26,2025-05-04,Thompson Seedless,186.3,11.5
C0620,F0379,Turmeric,Kharif,2025-07-10,2026-04-02,Phule Swarna,78.0,4.1
C0621,F0380,Onion,Rabi,2024-10-05,2025-01-22,Nashik-Red,40.5,2.6
C0622,F0381,Groundnut,Kharif,2024-06-25,2024-10-07,JL-24,50.9,1.1
C0623,F0382,Groundnut,Summer,2025-01-21,2025-05-06,Phule Bharati,33.2,1.6
C0624,F0383,Soybean,Kharif,2024-06-11,2024-10-04,JS-335,43.4,1.4
C0625,F0384,Pomegranate,Mrig Bahar,2026-06-12,2026-12-16,Ganesh,99.5,6.0
C0626,F0385,Tur (Pigeon Pea),Kharif,2026-06-06,2026-11-08,BDN-711,40.9,2.3
C0627,F0386,Tur (Pigeon Pea),Kharif,2025-06-15,2025-11-26,BDN-711,37.0,1.7
C0628,F0386,Grapes,Perennial,2026-03-28,2027-01-23,Sharad Seedless,201.7,9.0
C0629,F0387,Soybean,Kharif,2026-06-28,2026-10-12,JS-9560,61.2,1.5
C0630,F0387,Groundnut,Summer,2026-02-11,2026-06-06,Phule Bharati,53.2,2.2
C0631,F0388,Bajra,Kharif,2025-06-26,2025-09-28,Shraddha,49.8,1.2
C0632,F0389,Tomato,Kharif,2026-07-06,2026-10-07,Bhagyashree,79.5,4.1
C0633,F0390,Cotton,Kharif,2024-07-25,2024-12-24,Bunny-BG2,86.3,4.3
C0634,F0390,Tur (Pigeon Pea),Kharif,2026-06-03,2026-11-18,BDN-711,27.1,1.6
C0635,F0390,Tomato,Rabi,2026-11-15,2027-02-21,Rupali,63.3,4.8
C0636,F0391,Sugarcane,Adsali,2026-08-07,2027-06-11,CO-94012,122.2,4.9
C0637,F0392,Grapes,Perennial,2025-11-28,2026-10-04,Sonaka,218.3,10.2
C0638,F0392,Banana,Perennial,2024-12-27,2025-10-27,Basrai,182.5,7.6
C0639,F0392,Bajra,Kharif,2025-07-28,2025-10-18,ICMH-356,45.4,0.5
C0640,F0393,Cotton,Kharif,2024-06-15,2024-12-01,Bunny-BG2,85.0,2.3
C0641,F0394,Turmeric,Kharif,2024-06-21,2025-02-21,Rajapuri,83.0,2.5
C0642,F0395,Onion,Rabi,2025-11-02,2026-02-17,Nashik-Red,57.7,3.0
C0643,F0395,Tur (Pigeon Pea),Kharif,2026-07-18,2027-01-03,ICPL-87119,29.2,1.8
C0644,F0395,Tomato,Kharif,2025-06-24,2025-09-19,Abhinav,86.1,4.9
C0645,F0396,Onion,Rabi,2026-10-18,2027-02-05,Bhima Super,57.2,3.8
C0646,F0396,Wheat,Rabi,2025-11-09,2026-03-17,HD-2189,64.0,1.5
C0647,F0397,Jowar,Kharif,2025-07-04,2025-10-16,Malduri Local,44.6,2.0
C0648,F0397,Soybean,Kharif,2026-06-11,2026-09-14,JS-9560,46.1,1.3
C0649,F0397,Banana,Perennial,2025-11-12,2026-09-26,Basrai,226.5,6.9
C0650,F0398,Onion,Rabi,2025-10-20,2026-02-03,Bhima Super,42.3,3.3
C0651,F0398,Grapes,Perennial,2025-01-07,2025-11-20,Thompson Seedless,170.6,9.0
C0652,F0398,Maize,Kharif,2024-06-22,2024-10-09,Pioneer-3396,89.7,2.4
C0653,F0399,Sugarcane,Kharif,2025-06-09,2026-05-15,CO-86032,141.2,4.8
C0654,F0399,Wheat,Rabi,2024-10-06,2025-01-31,Lok-1,68.4,0.7
C0655,F0400,Groundnut,Summer,2026-02-13,2026-05-24,TAG-24,44.9,2.4
C0656,F0400,Grapes,Perennial,2024-12-09,2025-10-21,Thompson Seedless,192.8,11.2
C0657,F0401,Sugarcane,Kharif,2025-07-06,2026-06-18,CO-94012,144.1,4.8
C0658,F0402,Wheat,Rabi,2024-10-05,2025-01-26,NIAW-34,91.9,0.7
C0659,F0402,Grapes,Perennial,2026-10-19,2027-08-18,Sharad Seedless,199.7,8.8
C0660,F0402,Soybean,Kharif,2026-06-08,2026-09-24,JS-335,47.1,2.9
C0661,F0403,Turmeric,Kharif,2024-06-27,2025-03-09,Rajapuri,89.4,3.0
C0662,F0404,Onion,Rabi,2025-10-02,2026-01-29,Nashik-Red,40.0,2.1
C0663,F0404,Maize,Rabi,2024-11-21,2025-03-03,DKC-9081,80.2,1.1
C0664,F0405,Tur (Pigeon Pea),Kharif,2024-07-14,2024-12-21,BDN-711,39.1,1.9
C0665,F0405,Onion,Rabi,2026-10-16,2027-01-27,Agrifound Dark Red,51.2,1.9
C0666,F0406,Sugarcane,Kharif,2025-06-04,2026-04-24,VSI-434,113.4,6.3
C0667,F0406,Wheat,Rabi,2025-11-03,2026-02-28,HD-2189,60.1,0.9
C0668,F0407,Onion,Late Kharif,2024-09-12,2024-12-31,Nashik-Red,41.7,3.2
C0669,F0408,Bajra,Kharif,2026-07-03,2026-09-20,Shraddha,26.8,1.0
C0670,F0409,Banana,Perennial,2026-11-16,2027-09-20,Grand Naine,160.9,9.5
C0671,F0409,Maize,Rabi,2025-10-19,2026-02-11,Pioneer-3396,55.7,2.0
C0672,F0409,Cotton,Kharif,2026-06-23,2026-11-25,BT-Cotton,81.6,5.2
C0673,F0410,Tomato,Kharif,2024-06-08,2024-09-09,Bhagyashree,70.7,3.7
C0674,F0411,Bajra,Kharif,2024-07-15,2024-10-03,Shraddha,28.3,1.0
C0675,F0411,Groundnut,Summer,2024-01-22,2024-05-09,Phule Bharati,32.9,2.6
C0676,F0412,Onion,Rabi,2024-10-28,2025-02-16,Nashik-Red,56.9,4.0
C0677,F0413,Banana,Perennial,2026-10-18,2027-08-20,Shrimanti,207.1,6.9
C0678,F0414,Jowar,Rabi,2026-10-20,2027-02-05,Phule Suchitra,42.6,1.3
C0679,F0415,Maize,Kharif,2024-07-09,2024-10-20,African Tall,78.1,2.6
C0680,F0416,Onion,Late Kharif,2026-09-10,2026-12-31,Agrifound Dark Red,35.8,2.1
C0681,F0416,Groundnut,Summer,2026-01-24,2026-05-18,JL-24,47.7,1.9
C0682,F0417,Jowar,Kharif,2024-07-21,2024-11-06,Phule Suchitra,39.2,0.5
C0683,F0418,Jowar,Rabi,2024-11-20,2025-03-16,Phule Suchitra,51.7,1.0
C0684,F0418,Banana,Perennial,2025-06-16,2026-04-15,Basrai,237.5,8.4
C0685,F0419,Jowar,Kharif,2025-07-02,2025-10-14,Malduri Local,51.2,1.8
C0686,F0420,Bajra,Kharif,2025-06-21,2025-09-09,Saburi,28.9,0.8
C0687,F0421,Turmeric,Kharif,2024-06-14,2025-02-22,Selam,77.6,4.4
C0688,F0421,Onion,Rabi,2024-11-15,2025-03-11,Bhima Super,59.9,4.0
C0689,F0421,Jowar,Kharif,2025-07-06,2025-10-26,CSH-16,48.4,0.7
C0690,F0422,Soybean,Kharif,2026-06-07,2026-09-10,MAUS-71,60.2,2.5
C0691,F0423,Onion,Rabi,2024-11-19,2025-03-17,Bhima Super,38.0,2.9
C0692,F0424,Turmeric,Kharif,2026-07-04,2027-03-08,Selam,92.0,5.0
C0693,F0424,Pomegranate,Mrig Bahar,2024-06-04,2024-12-22,Ganesh,94.4,8.3
C0694,F0425,Pomegranate,Ambe Bahar,2025-01-17,2025-08-20,Ganesh,96.2,7.9
C0695,F0426,Sugarcane,Kharif,2026-07-15,2027-06-09,CO-8014,162.2,7.2
C0696,F0427,Bajra,Kharif,2025-07-03,2025-09-25,ICMH-356,46.8,1.2
C0697,F0427,Soybean,Kharif,2024-06-06,2024-09-20,JS-335,53.0,2.3
C0698,F0428,Groundnut,Summer,2026-02-23,2026-06-08,TAG-24,42.8,2.0
C0699,F0429,Turmeric,Kharif,2024-07-12,2025-04-05,Phule Swarna,100.1,3.7
C0700,F0430,Tomato,Rabi,2026-11-27,2027-02-13,Rupali,86.3,5.1
C0701,F0431,Jowar,Kharif,2025-06-14,2025-09-22,Malduri Local,35.6,0.5
C0702,F0432,Onion,Late Kharif,2025-09-09,2025-12-25,Nashik-Red,54.7,2.6
C0703,F0432,Maize,Rabi,2026-10-01,2027-01-21,Pioneer-3396,85.5,1.6
C0704,F0432,Grapes,Perennial,2026-01-16,2026-11-29,Sonaka,230.1,9.2
C0705,F0433,Soybean,Kharif,2025-06-23,2025-10-15,JS-335,59.8,3.2
C0706,F0434,Grapes,Perennial,2026-08-24,2027-07-09,Thompson Seedless,163.5,7.9
C0707,F0435,Grapes,Perennial,2026-08-24,2027-07-16,Sonaka,206.7,10.5
C0708,F0435,Pomegranate,Mrig Bahar,2025-07-18,2026-01-24,Bhagwa,119.2,4.5
C0709,F0436,Sugarcane,Kharif,2025-06-06,2026-04-04,CO-86032,149.5,4.1
C0710,F0436,Pomegranate,Ambe Bahar,2026-02-18,2026-09-01,Bhagwa,92.2,8.5
C0711,F0437,Sugarcane,Kharif,2025-07-03,2026-05-08,CO-86032,149.9,3.6
C0712,F0438,Wheat,Rabi,2025-10-28,2026-02-21,HD-2189,84.1,2.4
C0713,F0439,Sugarcane,Kharif,2026-07-08,2027-06-12,CO-86032,175.9,6.3
C0714,F0439,Tomato,Kharif,2026-06-13,2026-09-18,Bhagyashree,78.6,6.1
C0715,F0440,Onion,Rabi,2025-11-24,2026-03-20,Nashik-Red,38.3,2.3
C0716,F0441,Cotton,Kharif,2025-07-15,2025-12-28,Ankur-3028,70.1,2.1
C0717,F0442,Groundnut,Summer,2025-01-06,2025-04-27,JL-24,48.3,2.3
C0718,F0442,Tomato,Kharif,2024-06-14,2024-09-02,Rupali,98.8,3.8
C0719,F0443,Maize,Rabi,2026-10-09,2027-01-25,DKC-9081,75.4,2.0
C0720,F0443,Groundnut,Summer,2026-01-11,2026-05-04,TAG-24,51.8,1.6
C0721,F0443,Onion,Rabi,2026-10-23,2027-02-05,Bhima Super,51.8,1.7
C0722,F0444,Bajra,Kharif,2026-07-07,2026-09-23,Shraddha,35.3,1.0
C0723,F0444,Turmeric,Kharif,2025-06-21,2026-03-15,Phule Swarna,89.4,2.4
C0724,F0444,Tur (Pigeon Pea),Kharif,2026-06-06,2026-11-18,Vipula,35.8,1.9
C0725,F0445,Turmeric,Kharif,2024-07-02,2025-03-27,Rajapuri,98.5,3.6
C0726,F0445,Cotton,Kharif,2025-06-19,2025-11-21,Ankur-3028,64.9,3.9
C0727,F0446,Maize,Kharif,2026-07-05,2026-10-21,African Tall,82.5,2.6
C0728,F0447,Pomegranate,Ambe Bahar,2024-01-07,2024-07-10,Ganesh,95.2,4.4
C0729,F0448,Wheat,Rabi,2025-11-08,2026-03-09,Lok-1,91.5,1.9
C0730,F0449,Onion,Rabi,2024-11-24,2025-03-07,Bhima Super,52.4,3.5
C0731,F0450,Onion,Late Kharif,2025-09-21,2026-01-16,Bhima Super,40.6,2.5
C0732,F0450,Jowar,Rabi,2026-11-19,2027-03-15,Malduri Local,36.9,1.7
C0733,F0450,Sugarcane,Adsali,2024-07-18,2025-06-10,VSI-434,176.2,7.5
C0734,F0451,Grapes,Perennial,2026-06-14,2027-04-10,Thompson Seedless,175.9,8.9
C0735,F0451,Turmeric,Kharif,2024-07-27,2025-03-28,Phule Swarna,91.7,3.9
C0736,F0451,Cotton,Kharif,2024-07-22,2024-12-19,Ankur-3028,50.9,3.8
C0737,F0452,Pomegranate,Ambe Bahar,2025-01-05,2025-07-07,Arakta,84.7,4.2
C0738,F0453,Tomato,Rabi,2024-10-24,2025-01-27,Abhinav,99.8,4.2
C0739,F0454,Banana,Perennial,2026-07-21,2027-06-02,Basrai,195.6,4.7
C0740,F0454,Jowar,Rabi,2025-11-15,2026-03-07,CSH-16,40.9,0.8
C0741,F0455,Jowar,Rabi,2025-11-27,2026-03-10,Phule Suchitra,31.1,1.2
C0742,F0455,Tur (Pigeon Pea),Kharif,2024-07-13,2025-01-03,Vipula,30.5,1.3
C0743,F0455,Maize,Kharif,2025-06-09,2025-09-24,Pioneer-3396,72.4,1.8
C0744,F0456,Tur (Pigeon Pea),Kharif,2026-07-23,2027-01-13,BDN-711,27.0,2.6
C0745,F0457,Grapes,Perennial,2025-06-05,2026-04-26,Sonaka,158.9,6.2
C0746,F0458,Maize,Kharif,2026-06-20,2026-10-14,Pioneer-3396,55.5,2.6
C0747,F0458,Cotton,Kharif,2025-07-19,2025-12-23,Ankur-3028,83.6,2.2
C0748,F0459,Cotton,Kharif,2025-06-28,2025-11-28,BT-Cotton,67.1,4.3
C0749,F0459,Grapes,Perennial,2026-12-28,2027-11-01,Sharad Seedless,199.7,7.1
C0750,F0460,Wheat,Rabi,2026-11-10,2027-03-17,HD-2189,85.5,1.5
C0751,F0461,Grapes,Perennial,2025-04-12,2026-02-09,Sonaka,200.9,9.0
C0752,F0462,Jowar,Rabi,2026-11-20,2027-03-19,CSH-16,54.8,1.9
C0753,F0462,Onion,Late Kharif,2026-08-05,2026-11-30,Agrifound Dark Red,38.2,3.5
C0754,F0463,Wheat,Rabi,2025-11-23,2026-04-01,Lok-1,76.0,0.8
C0755,F0464,Wheat,Rabi,2024-11-21,2025-03-31,NIAW-34,87.5,0.6
C0756,F0464,Maize,Kharif,2025-07-22,2025-11-12,Pioneer-3396,65.0,2.4
C0757,F0465,Maize,Rabi,2026-11-17,2027-03-09,Pioneer-3396,65.6,1.3
C0758,F0465,Wheat,Rabi,2026-11-02,2027-02-22,Lok-1,87.3,0.7
C0759,F0466,Soybean,Kharif,2025-07-16,2025-10-29,JS-9560,58.0,3.5
C0760,F0466,Turmeric,Kharif,2026-06-06,2027-02-03,Selam,114.6,3.6
C0761,F0467,Turmeric,Kharif,2026-06-05,2027-02-22,Rajapuri,81.2,4.5
C0762,F0468,Turmeric,Kharif,2025-06-09,2026-02-10,Phule Swarna,115.9,4.8
C0763,F0469,Tur (Pigeon Pea),Kharif,2025-07-26,2025-12-23,BDN-711,44.2,1.5
C0764,F0470,Sugarcane,Kharif,2025-07-19,2026-07-18,CO-86032,119.7,4.4
C0765,F0471,Jowar,Kharif,2026-06-21,2026-10-17,Phule Suchitra,42.1,0.7
C0766,F0471,Pomegranate,Mrig Bahar,2024-07-09,2025-01-27,Ganesh,89.6,4.4
C0767,F0471,Sugarcane,Adsali,2026-08-07,2027-07-10,CO-94012,103.8,5.5
C0768,F0472,Sugarcane,Adsali,2026-08-22,2027-07-23,VSI-434,162.2,5.2
C0769,F0472,Jowar,Rabi,2025-11-04,2026-03-03,CSH-16,50.2,0.9
C0770,F0473,Banana,Perennial,2024-03-07,2025-01-16,Basrai,186.8,9.7
C0771,F0473,Groundnut,Summer,2025-01-21,2025-05-06,TAG-24,34.4,1.2
C0772,F0474,Sugarcane,Adsali,2026-08-17,2027-06-24,VSI-434,118.6,3.7
C0773,F0475,Bajra,Kharif,2025-07-21,2025-10-19,ICMH-356,34.9,1.1
C0774,F0476,Jowar,Rabi,2024-10-11,2025-01-19,CSH-16,32.3,0.6
C0775,F0476,Sugarcane,Adsali,2025-08-12,2026-06-20,VSI-434,146.4,3.1
C0776,F0477,Wheat,Rabi,2026-10-16,2027-02-20,NIAW-34,75.0,1.5
C0777,F0478,Cotton,Kharif,2026-07-26,2027-01-08,BT-Cotton,54.6,4.4
C0778,F0479,Turmeric,Kharif,2026-07-22,2027-04-07,Phule Swarna,103.4,2.0
C0779,F0479,Tomato,Kharif,2024-07-19,2024-10-16,Rupali,64.1,5.5
C0780,F0479,Wheat,Rabi,2025-11-18,2026-03-15,NIAW-34,76.0,2.3
C0781,F0480,Maize,Rabi,2025-10-20,2026-02-12,DKC-9081,75.4,2.1
C0782,F0480,Sugarcane,Adsali,2026-07-05,2027-06-11,CO-86032,161.2,4.2
C0783,F0481,Soybean,Kharif,2026-07-27,2026-11-06,MAUS-71,61.1,2.3
C0784,F0481,Tomato,Kharif,2026-06-26,2026-10-03,Abhinav,69.9,5.1
C0785,F0481,Wheat,Rabi,2025-10-26,2026-02-27,Lok-1,93.8,2.4
C0786,F0482,Jowar,Kharif,2026-07-26,2026-11-18,CSH-16,53.4,0.7
C0787,F0483,Bajra,Kharif,2025-07-03,2025-09-20,ICMH-356,28.3,0.8
C0788,F0483,Turmeric,Kharif,2026-06-28,2027-03-20,Phule Swarna,95.4,2.4
C0789,F0484,Turmeric,Kharif,2024-07-08,2025-04-02,Selam,72.7,4.7
C0790,F0484,Cotton,Kharif,2024-06-25,2024-12-06,Ankur-3028,89.1,2.5
C0791,F0485,Groundnut,Summer,2026-01-28,2026-05-26,JL-24,36.9,1.5
C0792,F0486,Soybean,Kharif,2024-06-23,2024-09-26,MAUS-71,66.2,1.5
C0793,F0486,Pomegranate,Mrig Bahar,2024-07-11,2025-01-13,Arakta,96.9,7.9
C0794,F0487,Turmeric,Kharif,2025-06-03,2026-02-09,Phule Swarna,114.0,2.5
C0795,F0488,Tomato,Rabi,2024-11-03,2025-01-21,Abhinav,78.1,3.2
C0796,F0489,Maize,Kharif,2025-07-07,2025-10-22,African Tall,81.5,2.4
C0797,F0489,Tur (Pigeon Pea),Kharif,2026-07-23,2027-01-16,BDN-711,42.5,1.1
C0798,F0489,Cotton,Kharif,2025-07-24,2025-12-24,RCH-2,67.5,3.8
C0799,F0490,Banana,Perennial,2025-07-20,2026-06-14,Grand Naine,253.3,6.7
C0800,F0491,Turmeric,Kharif,2025-07-13,2026-03-13,Selam,95.1,4.3
C0801,F0491,Bajra,Kharif,2026-07-07,2026-09-20,ICMH-356,47.0,1.3
C0802,F0492,Jowar,Kharif,2026-06-13,2026-09-25,Malduri Local,40.3,0.7
C0803,F0492,Bajra,Kharif,2025-07-10,2025-10-11,ICMH-356,40.3,1.1
C0804,F0492,Maize,Kharif,2025-06-14,2025-09-22,DKC-9081,83.9,2.6
C0805,F0493,Turmeric,Kharif,2025-06-15,2026-02-23,Rajapuri,79.8,4.4
C0806,F0494,Cotton,Kharif,2025-07-07,2025-12-17,Ankur-3028,73.1,5.6
C0807,F0494,Maize,Rabi,2026-11-12,2027-03-04,Pioneer-3396,59.0,1.6
C0808,F0495,Groundnut,Summer,2025-02-19,2025-06-12,Phule Bharati,34.3,2.9
C0809,F0496,Grapes,Perennial,2025-07-11,2026-05-22,Sharad Seedless,194.6,11.9
C0810,F0496,Bajra,Kharif,2026-06-27,2026-09-15,Shraddha,33.6,1.3
C0811,F0497,Onion,Late Kharif,2025-09-18,2025-12-29,Nashik-Red,53.3,1.9
C0812,F0497,Tur (Pigeon Pea),Kharif,2026-06-13,2026-11-14,Vipula,41.4,1.6
C0813,F0497,Tomato,Rabi,2024-11-21,2025-02-17,Abhinav,65.0,3.3
C0814,F0498,Turmeric,Kharif,2026-07-12,2027-03-23,Selam,83.3,3.4
C0815,F0499,Tomato,Kharif,2026-07-25,2026-11-02,Abhinav,83.8,5.6
C0816,F0500,Grapes,Perennial,2024-05-12,2025-03-29,Sonaka,203.2,9.8
C0817,F0501,Jowar,Rabi,2024-11-01,2025-02-09,Malduri Local,47.3,1.1
C0818,F0502,Jowar,Rabi,2024-10-10,2025-01-24,Phule Suchitra,45.8,1.3
C0819,F0502,Wheat,Rabi,2026-11-27,2027-03-29,Lok-1,99.5,0.5
C0820,F0503,Sugarcane,Adsali,2026-08-16,2027-07-08,VSI-434,162.7,5.8
C0821,F0503,Pomegranate,Ambe Bahar,2025-01-16,2025-07-28,Ganesh,108.3,4.0
C0822,F0503,Grapes,Perennial,2025-11-23,2026-10-13,Thompson Seedless,213.6,8.7
C0823,F0504,Maize,Kharif,2025-07-20,2025-11-02,African Tall,86.3,3.0
C0824,F0504,Turmeric,Kharif,2025-06-04,2026-02-08,Phule Swarna,115.8,2.6
C0825,F0505,Bajra,Kharif,2024-07-25,2024-10-26,Shraddha,49.1,0.8
C0826,F0506,Bajra,Kharif,2025-07-09,2025-09-22,Shraddha,33.3,0.8
C0827,F0506,Wheat,Rabi,2025-11-11,2026-03-01,NIAW-34,93.4,1.1
C0828,F0507,Banana,Perennial,2024-04-12,2025-02-09,Basrai,190.4,4.7
C0829,F0508,Wheat,Rabi,2026-11-16,2027-03-15,HD-2189,81.0,2.0
C0830,F0509,Jowar,Rabi,2026-10-16,2027-02-08,Malduri Local,52.8,0.9
C0831,F0509,Bajra,Kharif,2026-06-08,2026-08-29,Shraddha,25.8,1.2
C0832,F0510,Grapes,Perennial,2025-08-12,2026-06-29,Thompson Seedless,169.2,9.8
C0833,F0511,Tur (Pigeon Pea),Kharif,2024-07-02,2024-12-01,ICPL-87119,32.0,2.0
C0834,F0512,Banana,Perennial,2026-10-05,2027-08-28,Shrimanti,163.9,5.3
C0835,F0512,Soybean,Kharif,2025-06-16,2025-09-29,JS-9560,46.2,2.9
C0836,F0513,Tur (Pigeon Pea),Kharif,2024-06-18,2024-12-01,BDN-711,38.8,1.9
C0837,F0514,Onion,Rabi,2025-10-04,2026-01-18,Agrifound Dark Red,53.1,2.3
C0838,F0514,Pomegranate,Ambe Bahar,2025-01-25,2025-08-27,Bhagwa,97.8,7.1
C0839,F0514,Tomato,Kharif,2025-07-26,2025-10-19,Rupali,92.6,6.3
C0840,F0515,Soybean,Kharif,2024-07-22,2024-11-12,JS-9560,45.6,2.8
C0841,F0516,Maize,Kharif,2026-06-20,2026-10-02,Pioneer-3396,71.1,2.0
C0842,F0517,Maize,Rabi,2024-11-19,2025-03-07,African Tall,51.6,1.3
C0843,F0517,Turmeric,Kharif,2026-06-08,2027-02-07,Selam,114.9,4.0
C0844,F0517,Wheat,Rabi,2024-11-14,2025-03-15,Lok-1,77.4,1.9
C0845,F0518,Cotton,Kharif,2025-06-16,2025-12-07,Bunny-BG2,57.0,5.1
C0846,F0518,Tur (Pigeon Pea),Kharif,2024-07-09,2024-12-14,BDN-711,29.8,1.9
C0847,F0519,Pomegranate,Ambe Bahar,2026-01-05,2026-07-05,Bhagwa,99.7,5.6
C0848,F0519,Cotton,Kharif,2024-07-06,2024-12-04,BT-Cotton,86.8,3.9
C0849,F0520,Groundnut,Summer,2025-01-05,2025-05-02,Phule Bharati,44.9,2.6
C0850,F0520,Banana,Perennial,2024-06-18,2025-05-10,Grand Naine,238.5,9.9
C0851,F0520,Onion,Rabi,2026-10-15,2027-01-26,Nashik-Red,53.1,3.4
C0852,F0521,Tomato,Rabi,2026-10-21,2027-01-12,Bhagyashree,60.3,5.3
C0853,F0521,Grapes,Perennial,2026-01-05,2026-11-11,Sonaka,212.8,6.4
C0854,F0522,Grapes,Perennial,2026-07-05,2027-05-14,Sonaka,187.1,11.8
C0855,F0523,Sugarcane,Adsali,2026-07-13,2027-07-11,VSI-434,114.0,3.6
C0856,F0524,Pomegranate,Ambe Bahar,2024-01-23,2024-08-08,Ganesh,120.4,8.5
C0857,F0525,Onion,Rabi,2025-11-27,2026-03-22,Bhima Super,44.7,2.1
C0858,F0525,Turmeric,Kharif,2024-07-19,2025-04-11,Rajapuri,105.8,3.4
C0859,F0525,Maize,Kharif,2024-07-24,2024-11-07,Pioneer-3396,79.0,1.9
C0860,F0526,Tomato,Rabi,2024-10-14,2025-01-10,Abhinav,80.1,5.9
C0861,F0526,Banana,Perennial,2026-04-15,2027-02-19,Grand Naine,213.0,5.9
C0862,F0527,Turmeric,Kharif,2026-07-24,2027-04-20,Selam,86.4,3.8
C0863,F0528,Bajra,Kharif,2026-07-27,2026-10-11,ICMH-356,28.1,1.1
C0864,F0529,Wheat,Rabi,2026-11-09,2027-03-17,NIAW-34,71.0,2.1
C0865,F0530,Wheat,Rabi,2024-10-19,2025-02-12,HD-2189,65.3,0.9
C0866,F0531,Bajra,Kharif,2025-07-13,2025-09-30,ICMH-356,47.6,0.9
C0867,F0532,Wheat,Rabi,2026-10-13,2027-02-08,Lok-1,65.1,2.3
C0868,F0532,Soybean,Kharif,2026-06-05,2026-09-13,MAUS-71,50.1,2.7
C0869,F0532,Grapes,Perennial,2024-11-23,2025-10-12,Sonaka,168.6,11.8
C0870,F0533,Cotton,Kharif,2026-07-11,2026-12-27,RCH-2,89.4,5.3
C0871,F0534,Maize,Kharif,2026-06-19,2026-09-28,Pioneer-3396,56.6,1.5
C0872,F0534,Tomato,Rabi,2026-11-07,2027-01-28,Rupali,99.3,6.0
C0873,F0535,Sugarcane,Adsali,2025-07-13,2026-06-23,CO-94012,156.7,6.7
C0874,F0536,Turmeric,Kharif,2025-07-09,2026-03-25,Selam,81.7,4.3
C0875,F0536,Pomegranate,Ambe Bahar,2026-02-12,2026-09-16,Bhagwa,119.3,5.7
C0876,F0536,Maize,Rabi,2024-10-28,2025-02-25,African Tall,70.6,1.6
C0877,F0537,Banana,Perennial,2024-04-12,2025-02-22,Basrai,202.4,7.3
C0878,F0537,Cotton,Kharif,2026-07-06,2026-12-04,Ankur-3028,83.2,2.1
C0879,F0538,Soybean,Kharif,2026-06-26,2026-10-04,JS-335,49.1,3.0
C0880,F0539,Cotton,Kharif,2025-06-18,2025-12-06,Ankur-3028,62.8,2.5
C0881,F0539,Grapes,Perennial,2025-07-06,2026-05-06,Sonaka,188.5,9.3
C0882,F0539,Maize,Kharif,2025-07-26,2025-11-05,African Tall,63.2,2.9
C0883,F0540,Banana,Perennial,2026-05-20,2027-03-19,Grand Naine,246.3,5.9
C0884,F0540,Cotton,Kharif,2024-06-04,2024-11-06,Bunny-BG2,81.8,5.5
C0885,F0540,Tomato,Kharif,2024-06-24,2024-10-01,Rupali,87.7,4.5
C0886,F0541,Soybean,Kharif,2025-06-11,2025-09-23,JS-9560,61.3,1.3
C0887,F0542,Sugarcane,Adsali,2026-08-22,2027-08-02,CO-94012,136.0,3.7
C0888,F0543,Turmeric,Kharif,2026-06-23,2027-02-24,Rajapuri,118.2,2.1
C0889,F0544,Grapes,Perennial,2025-09-18,2026-07-17,Thompson Seedless,242.0,6.6
C0890,F0544,Wheat,Rabi,2026-11-21,2027-03-30,NIAW-34,60.0,1.0
C0891,F0545,Groundnut,Kharif,2024-07-18,2024-10-30,TAG-24,51.3,2.7
C0892,F0546,Pomegranate,Mrig Bahar,2025-06-27,2026-01-07,Arakta,99.0,6.8
C0893,F0546,Bajra,Kharif,2024-07-14,2024-10-01,Saburi,40.6,0.6
C0894,F0547,Maize,Rabi,2026-10-23,2027-02-15,African Tall,84.0,1.3
C0895,F0547,Grapes,Perennial,2025-12-27,2026-11-18,Sonaka,187.3,12.0
C0896,F0548,Sugarcane,Adsali,2024-07-19,2025-07-05,CO-94012,118.6,6.3
C0897,F0548,Cotton,Kharif,2025-07-19,2025-12-25,Ankur-3028,69.5,5.4
C0898,F0549,Onion,Rabi,2025-10-17,2026-02-05,Agrifound Dark Red,38.2,2.6
C0899,F0549,Turmeric,Kharif,2024-06-08,2025-02-10,Phule Swarna,71.2,2.8
C0900,F0549,Bajra,Kharif,2024-07-10,2024-10-10,ICMH-356,39.9,0.8
C0901,F0550,Groundnut,Kharif,2025-07-15,2025-11-01,JL-24,31.0,1.9
C0902,F0550,Maize,Rabi,2024-10-28,2025-02-20,Pioneer-3396,59.2,1.7
C0903,F0551,Pomegranate,Mrig Bahar,2024-07-12,2025-02-01,Arakta,125.1,8.7
C0904,F0551,Cotton,Kharif,2025-07-27,2026-01-02,RCH-2,57.0,5.9
C0905,F0552,Turmeric,Kharif,2025-07-08,2026-04-03,Rajapuri,75.2,3.1
C0906,F0552,Banana,Perennial,2026-05-11,2027-03-15,Basrai,152.8,9.7
C0907,F0553,Grapes,Perennial,2024-10-18,2025-09-12,Sharad Seedless,244.7,11.3
C0908,F0554,Turmeric,Kharif,2025-07-01,2026-03-28,Phule Swarna,82.7,3.1
C0909,F0555,Onion,Late Kharif,2024-09-03,2024-12-29,Agrifound Dark Red,41.4,1.7
C0910,F0555,Grapes,Perennial,2026-08-15,2027-07-06,Thompson Seedless,247.0,11.6
C0911,F0556,Wheat,Rabi,2026-11-22,2027-03-20,HD-2189,84.8,1.6
C0912,F0556,Grapes,Perennial,2024-01-18,2024-11-30,Sharad Seedless,155.7,10.8
C0913,F0557,Jowar,Rabi,2025-11-14,2026-02-28,CSH-16,47.1,1.7
C0914,F0557,Soybean,Kharif,2024-07-15,2024-11-05,MAUS-71,66.4,1.4
C0915,F0558,Tomato,Rabi,2026-11-11,2027-01-25,Abhinav,77.3,3.9
C0916,F0559,Tur (Pigeon Pea),Kharif,2026-06-04,2026-11-08,BDN-711,27.0,2.2
C0917,F0559,Onion,Rabi,2025-11-11,2026-03-06,Nashik-Red,54.9,2.7
C0918,F0560,Bajra,Kharif,2024-06-22,2024-09-25,Shraddha,36.3,1.4
C0919,F0561,Groundnut,Kharif,2026-07-28,2026-11-09,TAG-24,45.3,2.5
C0920,F0562,Tur (Pigeon Pea),Kharif,2026-06-20,2026-12-14,ICPL-87119,34.9,2.9
C0921,F0563,Cotton,Kharif,2025-07-08,2025-12-24,RCH-2,59.9,4.8
C0922,F0564,Bajra,Kharif,2026-06-07,2026-08-28,ICMH-356,45.9,0.8
C0923,F0564,Grapes,Perennial,2025-02-16,2025-12-18,Sharad Seedless,196.2,11.8
C0924,F0564,Tur (Pigeon Pea),Kharif,2024-07-03,2024-12-18,BDN-711,35.4,1.4
C0925,F0565,Maize,Rabi,2025-11-07,2026-02-26,African Tall,74.8,2.1
C0926,F0565,Soybean,Kharif,2024-06-08,2024-09-21,MAUS-71,66.5,2.3
C0927,F0565,Onion,Rabi,2026-11-01,2027-02-28,Agrifound Dark Red,55.2,1.8
C0928,F0566,Bajra,Kharif,2026-07-12,2026-09-25,Saburi,43.4,1.2
C0929,F0566,Grapes,Perennial,2026-01-06,2026-11-28,Sharad Seedless,221.4,8.8
C0930,F0567,Tomato,Kharif,2024-07-11,2024-10-05,Abhinav,62.7,6.9
C0931,F0567,Turmeric,Kharif,2024-07-28,2025-03-28,Rajapuri,94.0,4.5
C0932,F0568,Banana,Perennial,2025-01-13,2025-11-11,Basrai,241.2,7.1
C0933,F0569,Turmeric,Kharif,2024-07-20,2025-03-17,Rajapuri,119.1,3.2
C0934,F0570,Tomato,Rabi,2026-10-03,2026-12-22,Abhinav,69.1,4.3
C0935,F0570,Pomegranate,Mrig Bahar,2025-06-12,2026-01-05,Arakta,87.7,9.0
C0936,F0571,Groundnut,Summer,2026-01-25,2026-05-11,JL-24,54.5,1.4
C0937,F0572,Banana,Perennial,2025-01-28,2025-12-04,Basrai,192.7,5.4
C0938,F0573,Bajra,Kharif,2024-07-18,2024-10-04,ICMH-356,26.2,1.2
C0939,F0573,Cotton,Kharif,2024-06-24,2024-11-25,RCH-2,74.8,3.7
C0940,F0573,Turmeric,Kharif,2025-07-05,2026-03-22,Phule Swarna,101.6,4.8
C0941,F0574,Wheat,Rabi,2024-11-07,2025-03-14,Lok-1,79.3,2.3
C0942,F0575,Maize,Rabi,2026-10-24,2027-02-18,African Tall,55.1,1.2
C0943,F0575,Pomegranate,Ambe Bahar,2026-01-28,2026-07-28,Bhagwa,109.6,4.0
C0944,F0576,Bajra,Kharif,2025-06-27,2025-09-18,Saburi,31.1,0.8
C0945,F0577,Jowar,Rabi,2025-10-01,2026-01-25,Malduri Local,48.5,1.2
C0946,F0578,Onion,Rabi,2025-11-22,2026-03-08,Bhima Super,57.3,1.8
C0947,F0579,Grapes,Perennial,2025-03-20,2026-01-31,Sharad Seedless,169.0,9.6
C0948,F0579,Cotton,Kharif,2026-06-22,2026-11-19,RCH-2,83.5,5.5
C0949,F0580,Cotton,Kharif,2025-07-04,2025-12-07,Bunny-BG2,61.1,2.8
C0950,F0580,Tomato,Kharif,2026-06-22,2026-09-18,Abhinav,70.1,4.6
C0951,F0580,Banana,Perennial,2026-03-06,2027-01-04,Shrimanti,166.5,8.0
C0952,F0581,Tomato,Rabi,2025-10-07,2025-12-28,Abhinav,65.9,3.3
C0953,F0582,Banana,Perennial,2026-11-03,2027-09-06,Grand Naine,215.1,7.2
C0954,F0583,Cotton,Kharif,2024-07-08,2025-01-03,Bunny-BG2,71.2,3.4
C0955,F0584,Bajra,Kharif,2026-06-10,2026-08-30,Shraddha,29.1,0.9
C0956,F0584,Pomegranate,Ambe Bahar,2025-02-08,2025-08-11,Ganesh,127.2,6.1
C0957,F0584,Banana,Perennial,2026-05-14,2027-04-04,Basrai,179.0,8.0
C0958,F0585,Sugarcane,Adsali,2025-08-17,2026-06-16,VSI-434,113.1,7.2
C0959,F0586,Tur (Pigeon Pea),Kharif,2024-06-06,2024-11-17,ICPL-87119,44.4,2.0
C0960,F0587,Jowar,Rabi,2026-10-15,2027-01-23,Phule Suchitra,44.0,2.0
C0961,F0588,Jowar,Rabi,2025-11-16,2026-03-15,CSH-16,33.7,1.9
C0962,F0589,Onion,Late Kharif,2024-09-19,2025-01-15,Agrifound Dark Red,59.1,3.1
C0963,F0589,Bajra,Kharif,2025-06-24,2025-09-11,Saburi,50.0,1.1
C0964,F0589,Jowar,Rabi,2025-11-21,2026-03-16,Malduri Local,39.4,1.3
C0965,F0590,Grapes,Perennial,2024-08-09,2025-06-10,Sonaka,224.3,9.3
C0966,F0591,Tur (Pigeon Pea),Kharif,2026-07-26,2026-12-25,BDN-711,40.3,1.2
C0967,F0591,Tomato,Kharif,2024-07-03,2024-10-01,Rupali,70.3,3.6
C0968,F0591,Cotton,Kharif,2024-06-27,2024-11-29,RCH-2,73.0,5.5
C0969,F0592,Tur (Pigeon Pea),Kharif,2025-06-04,2025-11-13,ICPL-87119,39.5,2.5
C0970,F0593,Turmeric,Kharif,2024-07-20,2025-04-13,Selam,82.5,3.9
C0971,F0594,Maize,Rabi,2024-11-01,2025-02-13,Pioneer-3396,78.7,2.1
C0972,F0594,Soybean,Kharif,2025-06-11,2025-09-28,JS-335,46.9,1.6
C0973,F0594,Pomegranate,Ambe Bahar,2025-01-05,2025-07-19,Arakta,138.4,5.1
C0974,F0595,Soybean,Kharif,2025-07-26,2025-11-03,JS-335,44.6,3.4
C0975,F0595,Cotton,Kharif,2024-07-04,2024-12-03,BT-Cotton,66.9,5.7
C0976,F0595,Jowar,Kharif,2026-06-08,2026-09-23,CSH-16,38.1,1.5
C0977,F0596,Grapes,Perennial,2026-12-02,2027-10-24,Sharad Seedless,162.5,9.1
C0978,F0596,Jowar,Rabi,2026-11-27,2027-03-17,CSH-16,50.8,1.5
C0979,F0597,Cotton,Kharif,2024-06-09,2024-11-25,BT-Cotton,88.8,5.5
C0980,F0598,Tomato,Kharif,2024-07-04,2024-09-23,Abhinav,87.7,3.0
C0981,F0599,Tomato,Rabi,2024-10-06,2024-12-28,Bhagyashree,70.6,6.5
C0982,F0600,Tomato,Kharif,2024-06-06,2024-09-08,Abhinav,84.6,6.1
C0983,F0601,Cotton,Kharif,2024-06-03,2024-11-23,BT-Cotton,61.5,4.9
C0984,F0601,Banana,Perennial,2026-07-12,2027-05-23,Grand Naine,213.9,5.4
C0985,F0602,Turmeric,Kharif,2026-07-15,2027-03-30,Phule Swarna,119.4,3.9
C0986,F0602,Sugarcane,Kharif,2024-07-19,2025-07-14,CO-86032,157.0,3.1
C0987,F0603,Jowar,Rabi,2025-10-10,2026-01-21,Malduri Local,33.3,0.5
C0988,F0603,Grapes,Perennial,2025-08-08,2026-06-15,Sonaka,175.4,11.0
C0989,F0604,Jowar,Kharif,2026-06-01,2026-09-18,Malduri Local,45.4,0.9
C0990,F0604,Onion,Late Kharif,2024-09-12,2024-12-28,Nashik-Red,52.0,3.0
C0991,F0604,Wheat,Rabi,2024-10-17,2025-02-12,Lok-1,72.1,1.8
C0992,F0605,Tur (Pigeon Pea),Kharif,2025-06-17,2025-11-25,ICPL-87119,25.6,1.1
C0993,F0606,Bajra,Kharif,2024-06-20,2024-09-03,Saburi,38.7,0.9
C0994,F0606,Sugarcane,Kharif,2024-06-13,2025-04-12,CO-94012,156.1,6.0
C0995,F0606,Jowar,Kharif,2024-07-15,2024-11-08,CSH-16,45.0,0.6
C0996,F0607,Banana,Perennial,2026-03-07,2027-01-23,Basrai,255.9,9.8
C0997,F0608,Tomato,Kharif,2025-06-06,2025-09-07,Bhagyashree,74.4,3.5
C0998,F0609,Turmeric,Kharif,2024-07-06,2025-03-27,Phule Swarna,115.7,4.7
C0999,F0609,Tomato,Rabi,2026-10-05,2027-01-12,Abhinav,63.0,6.5
C1000,F0609,Pomegranate,Mrig Bahar,2025-07-03,2026-01-19,Arakta,134.4,7.9
C1001,F0610,Groundnut,Summer,2026-02-09,2026-05-29,Phule Bharati,35.6,2.1
C1002,F0610,Soybean,Kharif,2025-06-06,2025-09-14,JS-9560,54.5,2.6
C1003,F0611,Wheat,Rabi,2024-11-25,2025-04-04,HD-2189,64.2,0.7
C1004,F0612,Tomato,Kharif,2024-07-16,2024-10-24,Bhagyashree,68.3,5.3
C1005,F0613,Tur (Pigeon Pea),Kharif,2026-07-10,2027-01-03,BDN-711,36.4,2.0
C1006,F0614,Tur (Pigeon Pea),Kharif,2026-06-22,2026-11-30,ICPL-87119,25.8,3.0
C1007,F0614,Soybean,Kharif,2026-07-06,2026-10-24,JS-335,48.5,3.0
C1008,F0615,Pomegranate,Mrig Bahar,2025-06-09,2025-12-06,Ganesh,102.2,6.8
C1009,F0615,Groundnut,Summer,2025-02-18,2025-06-14,JL-24,31.7,1.7
C1010,F0616,Grapes,Perennial,2026-05-27,2027-03-30,Sharad Seedless,156.1,6.1
C1011,F0616,Sugarcane,Adsali,2025-07-04,2026-05-12,CO-94012,123.3,5.7
C1012,F0617,Tur (Pigeon Pea),Kharif,2025-07-28,2026-01-23,BDN-711,39.4,2.2
C1013,F0618,Maize,Kharif,2025-07-10,2025-11-06,DKC-9081,71.1,2.7
C1014,F0619,Jowar,Kharif,2025-06-07,2025-09-26,Phule Suchitra,41.8,2.0
C1015,F0619,Onion,Rabi,2026-10-02,2027-01-20,Agrifound Dark Red,47.8,2.8
C1016,F0619,Sugarcane,Kharif,2025-06-12,2026-05-02,VSI-434,166.0,7.0
C1017,F0620,Maize,Kharif,2025-06-11,2025-10-04,African Tall,81.3,1.6
C1018,F0620,Grapes,Perennial,2024-01-15,2024-11-20,Sharad Seedless,157.7,11.7
C1019,F0621,Bajra,Kharif,2024-06-21,2024-09-18,Saburi,36.5,1.5
C1020,F0622,Grapes,Perennial,2024-04-05,2025-02-15,Sharad Seedless,158.5,8.4
C1021,F0623,Bajra,Kharif,2026-06-21,2026-09-21,Shraddha,46.4,1.0
C1022,F0624,Tur (Pigeon Pea),Kharif,2026-07-11,2026-12-20,Vipula,42.1,1.1
C1023,F0625,Groundnut,Summer,2024-02-02,2024-05-23,Phule Bharati,50.7,1.4
C1024,F0625,Soybean,Kharif,2025-06-11,2025-10-01,MAUS-71,43.6,3.2
C1025,F0626,Maize,Rabi,2025-10-15,2026-02-10,African Tall,64.2,2.2
C1026,F0627,Bajra,Kharif,2025-06-12,2025-08-31,Saburi,29.6,1.2
C1027,F0627,Cotton,Kharif,2024-06-26,2024-11-30,RCH-2,68.5,4.8
C1028,F0627,Wheat,Rabi,2024-10-22,2025-02-24,HD-2189,94.7,2.0
C1029,F0628,Groundnut,Summer,2025-02-04,2025-06-04,TAG-24,32.2,2.5
C1030,F0628,Cotton,Kharif,2025-07-17,2025-12-22,BT-Cotton,58.4,2.5
C1031,F0629,Grapes,Perennial,2025-03-27,2026-02-03,Thompson Seedless,235.6,7.2
C1032,F0629,Onion,Late Kharif,2025-09-20,2026-01-08,Bhima Super,38.4,3.0
C1033,F0630,Tur (Pigeon Pea),Kharif,2024-07-28,2025-01-07,Vipula,36.6,2.5
C1034,F0630,Wheat,Rabi,2024-10-07,2025-02-14,Lok-1,82.2,1.2
C1035,F0631,Tur (Pigeon Pea),Kharif,2025-06-17,2025-11-23,BDN-711,41.0,1.5
C1036,F0632,Sugarcane,Kharif,2026-07-12,2027-05-22,VSI-434,125.6,7.9
C1037,F0632,Grapes,Perennial,2025-12-17,2026-10-30,Thompson Seedless,188.6,10.3
C1038,F0633,Sugarcane,Adsali,2026-07-18,2027-06-08,CO-86032,110.7,7.3
C1039,F0633,Wheat,Rabi,2025-10-27,2026-02-19,Lok-1,86.1,1.7
C1040,F0633,Soybean,Kharif,2026-06-01,2026-09-17,JS-9560,66.1,3.5
C1041,F0634,Tur (Pigeon Pea),Kharif,2024-06-13,2024-12-05,BDN-711,36.7,1.9
C1042,F0635,Tur (Pigeon Pea),Kharif,2025-07-20,2025-12-19,Vipula,33.5,2.2
C1043,F0636,Sugarcane,Adsali,2025-07-09,2026-07-07,CO-86032,177.5,7.7
C1044,F0637,Turmeric,Kharif,2026-07-27,2027-04-12,Rajapuri,92.7,3.2
C1045,F0638,Maize,Kharif,2024-06-08,2024-09-30,African Tall,53.9,2.7
C1046,F0638,Turmeric,Kharif,2024-06-03,2025-02-02,Phule Swarna,107.7,4.0
C1047,F0639,Pomegranate,Ambe Bahar,2026-02-24,2026-09-24,Bhagwa,112.4,6.3
C1048,F0640,Groundnut,Kharif,2026-07-21,2026-10-31,Phule Bharati,42.1,1.7
C1049,F0641,Grapes,Perennial,2025-12-15,2026-11-05,Thompson Seedless,198.0,11.1
C1050,F0641,Banana,Perennial,2024-06-20,2025-05-02,Basrai,176.6,6.5
C1051,F0642,Tur (Pigeon Pea),Kharif,2025-07-08,2026-01-02,ICPL-87119,33.7,1.9
C1052,F0642,Bajra,Kharif,2024-06-12,2024-09-04,Saburi,32.2,0.7
C1053,F0643,Cotton,Kharif,2024-06-02,2024-11-20,Ankur-3028,86.7,3.3
C1054,F0643,Onion,Late Kharif,2024-09-18,2025-01-03,Agrifound Dark Red,37.8,3.2
C1055,F0643,Jowar,Kharif,2026-06-26,2026-10-21,Malduri Local,37.7,1.6
C1056,F0644,Banana,Perennial,2025-03-03,2026-01-19,Basrai,239.1,4.4
C1057,F0644,Tomato,Kharif,2024-07-15,2024-10-22,Bhagyashree,82.4,6.0
C1058,F0645,Wheat,Rabi,2025-11-03,2026-03-09,NIAW-34,86.7,0.8
C1059,F0645,Cotton,Kharif,2024-07-24,2025-01-17,Ankur-3028,86.5,4.2
C1060,F0646,Soybean,Kharif,2024-06-06,2024-09-15,JS-9560,40.2,1.3
C1061,F0646,Onion,Late Kharif,2025-08-17,2025-12-10,Nashik-Red,43.7,3.3
C1062,F0647,Grapes,Perennial,2024-08-03,2025-06-27,Thompson Seedless,206.5,9.2
C1063,F0648,Jowar,Kharif,2024-06-11,2024-10-08,CSH-16,38.1,1.7
C1064,F0649,Turmeric,Kharif,2025-07-17,2026-03-25,Rajapuri,119.3,4.8
C1065,F0649,Jowar,Rabi,2026-11-05,2027-02-20,Malduri Local,50.4,1.7
C1066,F0650,Turmeric,Kharif,2026-06-11,2027-02-06,Phule Swarna,95.7,3.7
C1067,F0651,Grapes,Perennial,2026-12-09,2027-10-20,Thompson Seedless,166.1,8.8
C1068,F0651,Soybean,Kharif,2026-06-24,2026-10-05,JS-9560,56.6,1.0
C1069,F0652,Maize,Rabi,2025-11-17,2026-03-14,African Tall,67.8,1.3
C1070,F0652,Turmeric,Kharif,2024-07-09,2025-03-28,Selam,113.0,4.6
C1071,F0652,Cotton,Kharif,2025-06-02,2025-11-24,RCH-2,68.6,5.6
C1072,F0653,Jowar,Kharif,2026-07-20,2026-11-12,Phule Suchitra,42.7,0.8
C1073,F0653,Pomegranate,Mrig Bahar,2025-06-28,2026-01-15,Arakta,96.6,4.4
C1074,F0654,Soybean,Kharif,2025-07-14,2025-10-23,JS-9560,54.0,1.2
C1075,F0654,Maize,Rabi,2025-10-02,2026-01-19,African Tall,81.9,2.7
C1076,F0655,Banana,Perennial,2025-09-15,2026-08-02,Basrai,188.0,4.1
C1077,F0656,Groundnut,Summer,2025-01-03,2025-04-20,Phule Bharati,53.9,2.4
C1078,F0657,Groundnut,Summer,2026-01-24,2026-05-05,TAG-24,44.5,2.4
C1079,F0658,Soybean,Kharif,2026-07-19,2026-10-27,JS-335,42.8,3.3
C1080,F0659,Grapes,Perennial,2024-08-22,2025-06-22,Sonaka,238.9,6.8
C1081,F0660,Tomato,Kharif,2026-06-20,2026-09-20,Rupali,80.5,5.4
C1082,F0660,Turmeric,Kharif,2025-07-28,2026-04-04,Rajapuri,114.5,4.3
C1083,F0661,Maize,Kharif,2025-07-26,2025-11-14,African Tall,80.8,1.2
C1084,F0662,Pomegranate,Mrig Bahar,2025-06-18,2026-01-21,Arakta,133.4,5.4
C1085,F0662,Banana,Perennial,2024-11-04,2025-09-17,Grand Naine,251.1,4.8
C1086,F0662,Bajra,Kharif,2024-07-10,2024-10-02,ICMH-356,26.7,0.7
C1087,F0663,Sugarcane,Adsali,2025-07-27,2026-06-07,CO-94012,173.9,3.7
C1088,F0663,Pomegranate,Ambe Bahar,2026-01-20,2026-08-19,Bhagwa,119.1,5.5
C1089,F0664,Cotton,Kharif,2024-07-08,2024-12-09,BT-Cotton,73.4,3.7
C1090,F0664,Tur (Pigeon Pea),Kharif,2026-07-22,2027-01-03,BDN-711,33.0,2.9
C1091,F0665,Maize,Kharif,2024-07-20,2024-11-13,Pioneer-3396,73.6,2.0
C1092,F0666,Grapes,Perennial,2024-09-26,2025-07-29,Sonaka,150.5,9.1
C1093,F0666,Wheat,Rabi,2024-10-15,2025-02-18,NIAW-34,78.3,0.5
C1094,F0667,Sugarcane,Adsali,2024-08-14,2025-07-20,CO-94012,128.3,5.5
C1095,F0668,Onion,Late Kharif,2025-09-06,2026-01-04,Bhima Super,59.0,2.4
C1096,F0669,Tomato,Rabi,2025-11-15,2026-02-09,Rupali,78.6,5.9
C1097,F0669,Turmeric,Kharif,2026-07-06,2027-03-31,Phule Swarna,77.0,2.2
C1098,F0669,Jowar,Rabi,2025-10-22,2026-02-14,Malduri Local,33.3,1.5
C1099,F0670,Onion,Late Kharif,2026-08-11,2026-11-27,Nashik-Red,55.8,2.0
C1100,F0671,Tomato,Kharif,2024-07-05,2024-09-18,Bhagyashree,60.8,3.9
C1101,F0671,Wheat,Rabi,2025-11-21,2026-03-15,NIAW-34,83.7,0.7
C1102,F0672,Groundnut,Kharif,2024-06-08,2024-09-18,TAG-24,51.2,2.4
C1103,F0672,Tomato,Rabi,2024-10-02,2025-01-10,Abhinav,71.4,6.9
C1104,F0672,Turmeric,Kharif,2026-06-03,2027-02-10,Rajapuri,110.3,2.3
C1105,F0673,Grapes,Perennial,2026-01-02,2026-11-01,Sharad Seedless,222.3,9.0
C1106,F0673,Wheat,Rabi,2025-11-23,2026-03-19,NIAW-34,88.1,0.8
C1107,F0674,Sugarcane,Adsali,2026-08-06,2027-06-05,CO-8014,120.3,5.4
C1108,F0674,Pomegranate,Mrig Bahar,2026-07-01,2027-01-07,Arakta,101.7,6.6
C1109,F0675,Banana,Perennial,2025-01-07,2025-11-20,Shrimanti,195.5,6.0
C1110,F0675,Maize,Rabi,2024-10-28,2025-02-14,African Tall,58.6,2.4
C1111,F0676,Grapes,Perennial,2024-09-07,2025-07-27,Thompson Seedless,228.1,8.3
C1112,F0677,Groundnut,Summer,2026-01-12,2026-04-25,TAG-24,44.3,1.8
C1113,F0678,Maize,Kharif,2024-06-07,2024-09-17,DKC-9081,78.2,2.5
C1114,F0678,Soybean,Kharif,2025-07-21,2025-11-05,JS-335,49.0,1.1
C1115,F0678,Tomato,Kharif,2026-06-10,2026-09-06,Bhagyashree,86.7,6.5
C1116,F0679,Grapes,Perennial,2026-09-11,2027-07-24,Thompson Seedless,230.5,7.1
C1117,F0680,Soybean,Kharif,2025-07-24,2025-10-27,JS-335,52.6,1.1
C1118,F0680,Groundnut,Kharif,2024-06-10,2024-10-06,Phule Bharati,38.1,1.5
C1119,F0680,Jowar,Kharif,2024-06-13,2024-09-22,CSH-16,44.5,1.6
C1120,F0681,Tomato,Rabi,2024-10-19,2025-01-19,Bhagyashree,98.4,6.1
C1121,F0681,Sugarcane,Kharif,2024-07-09,2025-05-08,VSI-434,120.5,5.2
C1122,F0682,Bajra,Kharif,2024-07-05,2024-09-21,ICMH-356,45.5,1.1
C1123,F0682,Sugarcane,Adsali,2025-07-13,2026-05-16,CO-8014,119.5,4.2
C1124,F0683,Soybean,Kharif,2026-06-01,2026-09-06,JS-335,68.5,3.4
C1125,F0683,Wheat,Rabi,2026-11-27,2027-03-17,Lok-1,67.5,1.8
C1126,F0684,Jowar,Kharif,2024-06-01,2024-09-25,Malduri Local,45.2,1.5
C1127,F0685,Pomegranate,Mrig Bahar,2024-07-06,2025-01-23,Arakta,134.0,8.7
C1128,F0686,Pomegranate,Ambe Bahar,2026-02-26,2026-09-05,Ganesh,101.7,8.4
C1129,F0686,Cotton,Kharif,2025-06-01,2025-11-16,Ankur-3028,58.2,5.4
C1130,F0686,Onion,Late Kharif,2026-09-09,2026-12-31,Agrifound Dark Red,48.6,4.0
C1131,F0687,Jowar,Kharif,2026-07-07,2026-10-30,Malduri Local,49.1,1.9
C1132,F0687,Bajra,Kharif,2026-06-18,2026-09-07,Shraddha,39.7,1.2
C1133,F0687,Grapes,Perennial,2024-07-23,2025-05-23,Sonaka,186.2,10.9
C1134,F0688,Pomegranate,Ambe Bahar,2024-02-26,2024-08-24,Arakta,122.9,6.9
C1135,F0689,Bajra,Kharif,2024-07-14,2024-10-13,ICMH-356,33.4,1.5
C1136,F0690,Turmeric,Kharif,2024-07-16,2025-03-24,Phule Swarna,118.8,4.7
C1137,F0691,Turmeric,Kharif,2026-07-04,2027-03-15,Rajapuri,117.8,4.8
C1138,F0692,Tur (Pigeon Pea),Kharif,2024-07-17,2025-01-02,BDN-711,37.3,2.9
C1139,F0693,Wheat,Rabi,2025-10-05,2026-01-31,HD-2189,73.4,2.4
C1140,F0694,Onion,Rabi,2025-11-04,2026-02-18,Agrifound Dark Red,49.3,3.4
C1141,F0695,Tomato,Rabi,2025-11-07,2026-01-26,Abhinav,77.7,4.7
C1142,F0696,Pomegranate,Ambe Bahar,2025-01-03,2025-08-01,Bhagwa,137.7,8.9
C1143,F0696,Soybean,Kharif,2026-07-07,2026-10-19,MAUS-71,54.0,3.4
C1144,F0697,Onion,Late Kharif,2026-08-02,2026-11-25,Nashik-Red,38.5,3.4
C1145,F0697,Grapes,Perennial,2024-01-22,2024-11-25,Thompson Seedless,208.0,9.6
C1146,F0697,Sugarcane,Adsali,2025-07-09,2026-06-17,CO-86032,143.0,6.5
C1147,F0698,Groundnut,Kharif,2026-06-20,2026-10-09,TAG-24,33.8,2.1
C1148,F0699,Tur (Pigeon Pea),Kharif,2024-06-09,2024-11-20,ICPL-87119,31.8,1.7
C1149,F0700,Tomato,Kharif,2025-07-23,2025-10-19,Abhinav,74.3,6.1
C1150,F0700,Turmeric,Kharif,2025-06-07,2026-02-02,Selam,104.3,4.3
C1151,F0701,Cotton,Kharif,2026-06-16,2026-12-12,RCH-2,67.4,3.1
C1152,F0702,Grapes,Perennial,2026-09-10,2027-07-10,Thompson Seedless,225.9,9.4
C1153,F0703,Cotton,Kharif,2024-06-01,2024-11-05,Ankur-3028,70.9,2.9
C1154,F0703,Bajra,Kharif,2024-07-02,2024-09-30,Saburi,47.1,0.6
C1155,F0703,Tur (Pigeon Pea),Kharif,2026-06-27,2026-12-19,Vipula,40.7,1.3
C1156,F0704,Bajra,Kharif,2024-07-09,2024-10-05,Saburi,43.9,0.9
C1157,F0704,Cotton,Kharif,2026-06-11,2026-11-25,BT-Cotton,78.7,3.4
C1158,F0705,Groundnut,Summer,2025-01-12,2025-04-27,Phule Bharati,46.0,1.8
C1159,F0705,Jowar,Rabi,2025-11-13,2026-03-12,Phule Suchitra,41.8,1.0
C1160,F0706,Cotton,Kharif,2025-06-09,2025-11-18,BT-Cotton,61.6,2.8
C1161,F0707,Jowar,Kharif,2026-07-21,2026-11-02,CSH-16,35.7,0.7
C1162,F0707,Sugarcane,Adsali,2026-08-17,2027-07-01,CO-94012,149.8,3.4
C1163,F0707,Cotton,Kharif,2026-07-13,2026-12-21,BT-Cotton,59.2,4.6
C1164,F0708,Turmeric,Kharif,2025-07-24,2026-04-05,Phule Swarna,75.5,3.4
C1165,F0709,Jowar,Kharif,2025-07-13,2025-11-09,Malduri Local,41.9,0.6
C1166,F0710,Pomegranate,Ambe Bahar,2025-01-12,2025-07-25,Ganesh,90.3,6.2
C1167,F0711,Maize,Kharif,2026-06-01,2026-09-12,DKC-9081,62.4,1.3
C1168,F0712,Jowar,Rabi,2026-10-14,2027-02-11,CSH-16,41.8,0.7
C1169,F0713,Wheat,Rabi,2024-10-23,2025-02-11,Lok-1,89.6,1.1
C1170,F0714,Wheat,Rabi,2025-10-10,2026-01-30,NIAW-34,84.8,1.2
C1171,F0715,Tomato,Kharif,2025-06-07,2025-09-12,Rupali,83.7,4.9
C1172,F0716,Soybean,Kharif,2024-06-13,2024-09-24,JS-9560,61.6,3.1
C1173,F0716,Turmeric,Kharif,2025-06-24,2026-03-08,Phule Swarna,79.0,3.0
C1174,F0717,Tomato,Rabi,2024-10-10,2025-01-07,Rupali,60.6,4.4
C1175,F0718,Maize,Rabi,2025-10-05,2026-01-31,African Tall,69.1,2.1
C1176,F0718,Tomato,Kharif,2025-07-16,2025-10-17,Rupali,87.2,6.6
C1177,F0719,Pomegranate,Ambe Bahar,2025-02-01,2025-08-06,Ganesh,137.1,8.3
C1178,F0720,Pomegranate,Mrig Bahar,2026-06-26,2027-01-28,Bhagwa,139.9,7.6
C1179,F0720,Sugarcane,Kharif,2025-07-20,2026-05-31,CO-8014,168.4,7.4
C1180,F0720,Tomato,Rabi,2026-11-15,2027-02-14,Rupali,91.5,6.2
C1181,F0721,Tur (Pigeon Pea),Kharif,2026-06-08,2026-11-29,BDN-711,32.6,2.2
C1182,F0722,Groundnut,Summer,2026-01-12,2026-05-07,Phule Bharati,46.1,3.0
C1183,F0722,Jowar,Rabi,2024-10-10,2025-01-18,Phule Suchitra,31.9,0.8
C1184,F0723,Maize,Rabi,2025-11-15,2026-03-02,DKC-9081,82.3,1.6
C1185,F0723,Bajra,Kharif,2024-07-07,2024-09-21,Shraddha,49.7,1.3
C1186,F0724,Maize,Rabi,2024-11-16,2025-03-03,DKC-9081,55.0,2.1
C1187,F0724,Grapes,Perennial,2026-11-22,2027-09-23,Thompson Seedless,225.7,10.2
C1188,F0725,Sugarcane,Kharif,2025-07-20,2026-07-01,CO-8014,160.0,4.9
C1189,F0726,Turmeric,Kharif,2026-07-22,2027-04-12,Rajapuri,103.7,3.3
C1190,F0727,Bajra,Kharif,2025-06-14,2025-09-16,Shraddha,25.2,1.1
C1191,F0727,Pomegranate,Mrig Bahar,2026-06-16,2026-12-26,Ganesh,91.7,4.5
C1192,F0728,Wheat,Rabi,2026-10-15,2027-02-11,Lok-1,74.9,1.8
C1193,F0728,Banana,Perennial,2026-09-05,2027-07-11,Grand Naine,196.7,7.0
C1194,F0729,Turmeric,Kharif,2025-07-03,2026-03-08,Selam,104.5,2.5
C1195,F0730,Sugarcane,Kharif,2025-06-25,2026-06-18,CO-94012,140.9,6.3
C1196,F0731,Bajra,Kharif,2025-07-12,2025-10-05,ICMH-356,46.7,1.4
C1197,F0732,Banana,Perennial,2026-08-08,2027-06-13,Grand Naine,213.6,8.6
C1198,F0733,Tur (Pigeon Pea),Kharif,2024-06-16,2024-11-20,Vipula,31.1,1.7
C1199,F0734,Turmeric,Kharif,2025-06-24,2026-03-05,Rajapuri,117.5,2.3
C1200,F0734,Tomato,Kharif,2026-06-25,2026-09-30,Rupali,81.0,5.3
C1201,F0734,Wheat,Rabi,2026-11-26,2027-03-31,NIAW-34,95.7,1.5
C1202,F0735,Groundnut,Kharif,2026-06-16,2026-10-05,TAG-24,53.7,2.8
C1203,F0736,Pomegranate,Ambe Bahar,2026-02-25,2026-09-22,Ganesh,139.0,4.5
C1204,F0737,Onion,Rabi,2025-10-27,2026-02-12,Bhima Super,47.6,2.9
C1205,F0737,Grapes,Perennial,2024-04-15,2025-03-07,Thompson Seedless,159.0,6.7
C1206,F0738,Cotton,Kharif,2026-06-03,2026-11-10,RCH-2,77.5,3.5
C1207,F0738,Groundnut,Kharif,2024-06-28,2024-10-11,Phule Bharati,37.9,1.7
C1208,F0739,Turmeric,Kharif,2025-06-27,2026-02-23,Selam,77.5,3.2
C1209,F0739,Grapes,Perennial,2025-03-04,2026-01-21,Sharad Seedless,237.6,7.9
C1210,F0740,Cotton,Kharif,2026-07-05,2026-12-21,BT-Cotton,85.9,5.4
C1211,F0741,Grapes,Perennial,2024-07-02,2025-05-06,Thompson Seedless,153.1,7.2
C1212,F0742,Banana,Perennial,2025-04-12,2026-02-27,Grand Naine,226.0,6.6
C1213,F0743,Jowar,Rabi,2025-10-14,2026-02-07,Malduri Local,44.9,1.4
C1214,F0744,Maize,Kharif,2026-06-10,2026-09-29,DKC-9081,54.7,1.6
C1215,F0745,Cotton,Kharif,2026-06-24,2026-12-05,BT-Cotton,83.8,3.6
C1216,F0746,Tomato,Rabi,2025-10-10,2026-01-10,Abhinav,72.6,4.5
C1217,F0747,Tomato,Kharif,2024-06-14,2024-09-16,Bhagyashree,94.5,6.6
C1218,F0748,Sugarcane,Adsali,2026-07-21,2027-06-05,CO-94012,110.0,7.7
C1219,F0749,Cotton,Kharif,2026-06-10,2026-12-05,Ankur-3028,66.3,4.4
C1220,F0749,Jowar,Rabi,2024-11-26,2025-03-21,Phule Suchitra,52.8,0.9
C1221,F0750,Grapes,Perennial,2024-01-21,2024-11-29,Thompson Seedless,165.1,11.8
C1222,F0751,Sugarcane,Adsali,2026-07-15,2027-07-14,CO-86032,178.8,7.6
C1223,F0752,Cotton,Kharif,2026-06-23,2026-12-11,Ankur-3028,57.9,5.0
C1224,F0752,Pomegranate,Ambe Bahar,2024-01-22,2024-08-07,Ganesh,121.1,6.7
C1225,F0753,Maize,Kharif,2026-07-14,2026-10-26,DKC-9081,53.1,2.3
C1226,F0754,Grapes,Perennial,2025-12-02,2026-10-04,Sonaka,243.6,6.6
C1227,F0754,Tur (Pigeon Pea),Kharif,2024-07-20,2025-01-10,BDN-711,37.4,1.8
C1228,F0754,Banana,Perennial,2025-07-28,2026-05-25,Basrai,202.6,7.1
C1229,F0755,Sugarcane,Kharif,2026-07-23,2027-06-25,VSI-434,136.1,3.3
C1230,F0756,Turmeric,Kharif,2025-06-26,2026-03-03,Selam,73.8,3.0
C1231,F0757,Tomato,Rabi,2025-10-19,2026-01-06,Bhagyashree,86.9,3.5
C1232,F0757,Grapes,Perennial,2026-01-25,2026-11-29,Sonaka,168.7,9.0
C1233,F0758,Sugarcane,Adsali,2024-08-14,2025-07-23,CO-94012,155.6,3.9
C1234,F0759,Banana,Perennial,2024-03-12,2025-01-25,Basrai,152.8,8.1
C1235,F0760,Grapes,Perennial,2026-07-11,2027-05-20,Sharad Seedless,221.4,8.5
C1236,F0761,Tomato,Rabi,2026-10-08,2027-01-14,Bhagyashree,66.0,6.5
C1237,F0762,Tomato,Rabi,2026-11-09,2027-02-06,Rupali,83.5,6.2
C1238,F0762,Jowar,Rabi,2024-10-07,2025-01-28,Phule Suchitra,51.5,2.0
C1239,F0763,Sugarcane,Kharif,2026-07-13,2027-05-19,VSI-434,126.4,3.1
C1240,F0764,Turmeric,Kharif,2024-06-20,2025-02-19,Phule Swarna,87.2,3.5
C1241,F0765,Cotton,Kharif,2025-07-25,2026-01-03,Ankur-3028,80.9,5.9
C1242,F0765,Pomegranate,Mrig Bahar,2024-07-20,2025-01-22,Arakta,80.6,7.4
C1243,F0765,Onion,Late Kharif,2026-09-15,2026-12-27,Agrifound Dark Red,55.7,2.9
C1244,F0766,Jowar,Kharif,2024-07-03,2024-10-18,CSH-16,35.7,0.8
C1245,F0766,Wheat,Rabi,2024-10-19,2025-02-15,Lok-1,95.2,2.0
C1246,F0766,Onion,Late Kharif,2025-09-06,2025-12-28,Agrifound Dark Red,52.7,2.2
C1247,F0767,Grapes,Perennial,2025-05-24,2026-04-11,Sharad Seedless,168.3,7.1
C1248,F0768,Sugarcane,Adsali,2026-07-12,2027-05-23,CO-8014,156.4,3.8
C1249,F0768,Onion,Late Kharif,2024-08-26,2024-12-21,Agrifound Dark Red,39.9,3.5
C1250,F0768,Bajra,Kharif,2026-07-26,2026-10-10,ICMH-356,30.0,1.4
C1251,F0769,Tomato,Kharif,2025-07-19,2025-10-24,Bhagyashree,82.7,6.7
C1252,F0769,Jowar,Kharif,2025-07-22,2025-11-19,Malduri Local,42.7,1.2
C1253,F0770,Groundnut,Summer,2026-01-10,2026-05-05,TAG-24,40.5,2.1
C1254,F0770,Jowar,Rabi,2026-11-14,2027-03-07,Phule Suchitra,31.6,1.7
C1255,F0771,Groundnut,Summer,2025-02-15,2025-05-26,TAG-24,30.6,1.8
C1256,F0772,Tomato,Rabi,2025-11-19,2026-02-19,Rupali,62.2,6.5
C1257,F0773,Pomegranate,Mrig Bahar,2026-07-24,2027-02-18,Ganesh,106.4,6.2
C1258,F0774,Tomato,Rabi,2025-10-08,2025-12-22,Rupali,60.2,6.0
C1259,F0774,Cotton,Kharif,2024-06-19,2024-11-18,Ankur-3028,71.7,2.3
C1260,F0775,Groundnut,Kharif,2025-07-03,2025-10-17,JL-24,35.5,1.6
C1261,F0776,Groundnut,Kharif,2024-06-22,2024-10-03,TAG-24,40.4,2.7
C1262,F0776,Maize,Rabi,2024-11-12,2025-03-09,DKC-9081,65.6,1.7
C1263,F0777,Groundnut,Summer,2024-02-17,2024-06-07,Phule Bharati,51.7,1.7
C1264,F0777,Turmeric,Kharif,2025-07-09,2026-04-04,Phule Swarna,95.4,2.5
C1265,F0777,Tur (Pigeon Pea),Kharif,2025-06-18,2025-11-17,Vipula,29.5,1.4
C1266,F0778,Soybean,Kharif,2024-06-10,2024-09-26,JS-335,55.8,1.8
C1267,F0779,Tomato,Rabi,2025-11-01,2026-01-28,Bhagyashree,87.1,5.4
C1268,F0779,Maize,Rabi,2024-11-07,2025-02-26,African Tall,75.3,1.8
C1269,F0779,Cotton,Kharif,2024-07-13,2024-12-18,Bunny-BG2,74.3,3.4
C1270,F0780,Banana,Perennial,2024-02-05,2024-12-01,Shrimanti,241.9,6.8
C1271,F0780,Bajra,Kharif,2025-06-04,2025-08-18,ICMH-356,47.4,0.5
C1272,F0781,Tur (Pigeon Pea),Kharif,2026-06-24,2026-12-11,ICPL-87119,37.8,3.0
C1273,F0782,Wheat,Rabi,2025-11-08,2026-03-04,Lok-1,87.0,1.1
C1274,F0783,Tur (Pigeon Pea),Kharif,2026-06-28,2026-12-09,Vipula,43.7,2.0
C1275,F0783,Turmeric,Kharif,2024-06-12,2025-02-17,Phule Swarna,108.7,3.8
C1276,F0783,Soybean,Kharif,2025-06-01,2025-09-09,JS-9560,52.4,2.2
C1277,F0784,Tur (Pigeon Pea),Kharif,2025-06-01,2025-11-25,Vipula,28.6,2.8
C1278,F0784,Maize,Kharif,2026-07-24,2026-11-21,Pioneer-3396,70.2,1.1
C1279,F0785,Soybean,Kharif,2024-06-23,2024-10-03,JS-9560,64.8,3.0
C1280,F0786,Cotton,Kharif,2026-07-11,2026-12-30,RCH-2,55.8,2.5
C1281,F0787,Onion,Late Kharif,2024-08-23,2024-12-03,Nashik-Red,40.5,1.8
C1282,F0787,Banana,Perennial,2024-12-09,2025-10-22,Shrimanti,252.6,8.9
C1283,F0788,Turmeric,Kharif,2025-06-15,2026-03-04,Rajapuri,107.6,4.1
C1284,F0788,Grapes,Perennial,2025-06-13,2026-04-10,Thompson Seedless,228.4,11.9
C1285,F0789,Wheat,Rabi,2026-10-21,2027-02-23,Lok-1,79.6,1.3
C1286,F0789,Grapes,Perennial,2025-07-07,2026-05-09,Sonaka,192.0,9.8
C1287,F0790,Banana,Perennial,2026-07-12,2027-05-23,Grand Naine,185.4,8.1
C1288,F0791,Wheat,Rabi,2025-10-22,2026-02-23,NIAW-34,89.6,1.6
C1289,F0792,Onion,Late Kharif,2024-08-13,2024-12-04,Bhima Super,42.9,2.0
C1290,F0792,Maize,Rabi,2026-10-20,2027-02-10,DKC-9081,59.2,2.6
C1291,F0792,Wheat,Rabi,2026-11-25,2027-03-19,HD-2189,98.6,2.5
C1292,F0793,Grapes,Perennial,2026-12-11,2027-10-11,Sharad Seedless,185.7,8.0
C1293,F0794,Bajra,Kharif,2024-06-11,2024-09-05,ICMH-356,33.1,0.5
C1294,F0794,Groundnut,Summer,2026-02-07,2026-05-18,TAG-24,43.9,2.1
C1295,F0795,Groundnut,Summer,2026-02-11,2026-05-28,JL-24,40.5,2.1
C1296,F0795,Turmeric,Kharif,2024-07-21,2025-04-10,Rajapuri,119.6,4.2
C1297,F0796,Groundnut,Summer,2026-01-14,2026-05-08,Phule Bharati,46.4,2.0
C1298,F0796,Grapes,Perennial,2024-05-22,2025-04-09,Sonaka,178.0,9.2
C1299,F0797,Sugarcane,Kharif,2026-06-10,2027-05-15,CO-8014,159.3,3.9
C1300,F0797,Turmeric,Kharif,2024-06-27,2025-03-14,Phule Swarna,90.2,4.3
C1301,F0798,Jowar,Kharif,2024-07-20,2024-11-04,Phule Suchitra,37.5,1.7
C1302,F0798,Groundnut,Kharif,2024-06-18,2024-10-13,TAG-24,53.1,2.3
C1303,F0799,Groundnut,Kharif,2026-07-04,2026-10-29,Phule Bharati,46.5,2.4
C1304,F0800,Jowar,Kharif,2024-07-16,2024-10-30,Phule Suchitra,36.1,1.2
C1305,F0800,Bajra,Kharif,2025-06-01,2025-08-15,ICMH-356,40.3,0.9
