farmer_id,name,district,taluka,village,land_area_acres,soil_type,irrigation_type
F0001,Rajendra Jadhav,Sangli,Walwa,Islampur,3.7,Laterite,Drip
F0002,Lata More,Latur,Udgir,Devangaon,0.9,Red,Canal
F0003,Jyoti Zende,Pune,Shirur,Talegaon Dhamdhere,10.9,Laterite,Well
F0004,Sushma Waghmare,Aurangabad,Sillod,Amba,12.2,Black,Flood
F0005,Sunil Sable,Satara,Wai,Bavdhan,3.6,Alluvial,Borewell
F0006,Nitin More,Kolhapur,Karvir,Uchgaon,12.8,Clayey,Borewell
F0007,Prakash Ghadge,Nanded,Bhokar,Loni,1.6,Sandy,Flood
F0008,Chandrakant Vanjari,Ahmednagar,Rahata,Shirdi,10.1,Alluvial,Borewell
F0009,Anil Waghmare,Nashik,Dindori,Umrale,7.1,Alluvial,Borewell
F0010,Sunil Pardeshi,Satara,Phaltan,Sasewadi,10.7,Laterite,Rainfed
F0011,Santosh Zende,Beed,Ambajogai,Bardapur,2.9,Loamy,Borewell
F0012,Namdev Shelke,Pune,Indapur,Bhigwan,12.2,Loamy,Borewell
F0013,Rahul Mane,Latur,Renapur,Ghongaon,10.0,Loamy,Rainfed
F0014,Sarita Bhosale,Solapur,Barshi,Vairag,11.3,Clayey,Borewell
F0015,Mangal Yadav,Kolhapur,Shirol,Kurundwad,15.0,Red,Well
F0016,Sangita More,Pune,Baramati,Katewadi,9.6,Alluvial,Rainfed
F0017,Mangal Zende,Nashik,Dindori,Chausala,9.1,Loamy,Well
F0018,Popat Tambe,Pune,Baramati,Undavdi,11.6,Sandy,Drip
F0019,Gorakh Sable,Jalgaon,Bhusawal,Bahadarpur,14.3,Laterite,Borewell
F0020,Jyoti Salunkhe,Nanded,Bhokar,Loni,12.7,Clayey,Well
F0021,Shivaji Bhosale,Satara,Phaltan,Nirgudi,9.2,Loamy,Drip
F0022,Rajendra Pardeshi,Solapur,Barshi,Vairag,4.0,Clayey,Drip
F0023,Anil Lokhande,Nashik,Yeola,Nagade,2.4,Loamy,Well
F0024,Manoj Suryawanshi,Nanded,Hadgaon,Chikhali,14.5,Clayey,Flood
F0025,Shivaji Joshi,Kolhapur,Shirol,Jaysingpur,13.5,Loamy,Drip
F0026,Bhausaheb Waghmare,Nashik,Malegaon,Zodge,9.0,Red,Well
F0027,Namdev Patil,Nashik,Sinnar,Musalgaon,1.5,Black,Flood
F0028,Vinod Deshmukh,Nanded,Kandhar,Umri,10.2,Red,Well
F0029,Deepak Vanjari,Latur,Udgir,Devangaon,11.9,Alluvial,Sprinkler
F0030,Ravindra Kale,Nashik,Dindori,Umrale,6.6,Loamy,Flood
F0031,Dilip Kale,Pune,Purandar,Jejuri,12.1,Black,Canal
F0032,Ravindra Jagtap,Nanded,Naigaon,Bondar,6.6,Sandy,Sprinkler
F0033,Bhausaheb Deshmukh,Aurangabad,Sillod,Bharadi,1.2,Clayey,Flood
F0034,Suresh More,Ahmednagar,Shrirampur,Bhokar,7.5,Red,Flood
F0035,Kavita Pawar,Jalgaon,Bhusawal,Bahadarpur,14.8,Sandy,Flood
F0036,Sarita Kulkarni,Kolhapur,Gadhinglaj,Nesari,2.7,Sandy,Canal
F0037,Ganesh Yadav,Sangli,Jat,Umadi,11.3,Black,Drip
F0038,Nirmala Mohite,Nanded,Kandhar,Fulwal,14.4,Black,Flood
F0039,Bharat Deshmukh,Latur,Ausa,Killari,6.4,Clayey,Canal
F0040,Prakash Aher,Nashik,Dindori,Umrale,14.1,Red,Rainfed
F0041,Sachin Nikam,Solapur,Karmala,Kem,10.2,Sandy,Sprinkler
F0042,Sachin Deshmukh,Pune,Purandar,Saswad,1.6,Red,Well
F0043,Eknath Chavan,Satara,Karad,Kale,5.9,Red,Sprinkler
F0044,Lata Joshi,Latur,Chakur,Mangrul,10.2,Clayey,Borewell
F0045,Nitin Chavan,Solapur,Pandharpur,Gopalpur,11.3,Red,Borewell
F0046,Hanumant Zende,Ahmednagar,Kopargaon,Sangamner Bk,10.5,Alluvial,Borewell
F0047,Jyoti Lokhande,Solapur,Pandharpur,Gopalpur,9.7,Alluvial,Borewell
F0048,Prakash Patil,Satara,Phaltan,Sasewadi,2.8,Loamy,Well
F0049,Mangal Tambe,Pune,Baramati,Wadgaon,14.2,Laterite,Canal
F0050,Lata Shinde,Satara,Man,Dahiwadi,6.7,Black,Borewell
F0051,Chandrakant Shinde,Satara,Phaltan,Nirgudi,10.2,Sandy,Flood
F0052,Anita Aher,Sangli,Tasgaon,Manjarde,13.0,Alluvial,Flood
F0053,Kishor Bhoir,Pune,Indapur,Sanaswadi,13.9,Alluvial,Sprinkler
F0054,Bhausaheb Thorat,Jalgaon,Chopda,Vadali,13.1,Alluvial,Sprinkler
F0055,Namdev Jagtap,Aurangabad,Vaijapur,Lasur,12.4,Alluvial,Canal
F0056,Namdev Jadhav,Beed,Ambajogai,Manoli,5.3,Alluvial,Drip
F0057,Laxman Gawali,Beed,Ashti,Karanjwan,10.4,Alluvial,Well
F0058,Vinod Jadhav,Nashik,Malegaon,Dabhadi,8.9,Sandy,Drip
F0059,Nitin Zende,Kolhapur,Shirol,Jaysingpur,6.8,Clayey,Drip
F0060,Dinesh Vanjari,Ahmednagar,Kopargaon,Sangamner Bk,10.8,Black,Well
F0061,Kamal Jagtap,Satara,Koregaon,Rahimatpur,14.3,Sandy,Well
F0062,Sachin Gaikwad,Sangli,Walwa,Ashta,10.2,Sandy,Sprinkler
F0063,Gorakh Tambe,Jalgaon,Jamner,Neri,10.1,Loamy,Rainfed
F0064,Kishor Aher,Latur,Renapur,Chapoli,8.4,Black,Borewell
F0065,Hanumant Mane,Kolhapur,Gadhinglaj,Nesari,7.2,Loamy,Rainfed
F0066,Baban Mohite,Aurangabad,Gangapur,Nandgaon,4.6,Laterite,Rainfed
F0067,Vinod More,Ahmednagar,Kopargaon,Sangamner Bk,12.2,Red,Drip
F0068,Prakash Nikam,Aurangabad,Sillod,Bharadi,7.1,Laterite,Well
F0069,Ravindra Wagh,Aurangabad,Kannad,Pishor,2.6,Laterite,Drip
F0070,Nitin Sable,Ahmednagar,Shrirampur,Bhokar,1.2,Red,Flood
F0071,Balasaheb Ghadge,Jalgaon,Bhusawal,Varangaon,14.3,Loamy,Well
F0072,Jyoti Sable,Nanded,Naigaon,Bondar,11.3,Loamy,Sprinkler
F0073,Eknath Nikam,Beed,Majalgaon,Neknur,9.6,Sandy,Sprinkler
F0074,Santosh Kulkarni,Ahmednagar,Kopargaon,Chas,5.1,Clayey,Drip
F0075,Vikas Bhosale,Ahmednagar,Sangamner,Ghargaon,10.7,Black,Sprinkler
F0076,Anita Bansode,Nanded,Naigaon,Bharsi,1.4,Alluvial,Sprinkler
F0077,Dinesh Yadav,Sangli,Miraj,Bedag,7.4,Sandy,Borewell
F0078,Dinesh Bhoir,Nanded,Hadgaon,Tamsa,7.6,Sandy,Sprinkler
F0079,Vaishali Jadhav,Kolhapur,Shirol,Jaysingpur,11.0,Alluvial,Sprinkler
F0080,Deepak Aher,Nanded,Bhokar,Loni,9.1,Laterite,Drip
F0081,Anil Sable,Jalgaon,Bhusawal,Bahadarpur,1.2,Loamy,Borewell
F0082,Baban Ghadge,Satara,Wai,Kikali,4.5,Alluvial,Sprinkler
F0083,Popat More,Aurangabad,Paithan,Bidkin,15.0,Sandy,Canal
F0084,Rahul Shinde,Pune,Indapur,Walchandnagar,12.7,Clayey,Canal
F0085,Sopan Chavan,Aurangabad,Paithan,Bidkin,7.2,Sandy,Flood
F0086,Subhash Kadam,Latur,Chakur,Mangrul,11.8,Red,Borewell
F0087,Nitin Yadav,Pune,Daund,Kurkumbh,10.3,Loamy,Sprinkler
F0088,Shivaji Deshmukh,Latur,Nilanga,Halasi,10.6,Sandy,Flood
F0089,Balasaheb Vanjari,Pune,Daund,Kurkumbh,6.7,Sandy,Drip
F0090,Jyoti Bansode,Pune,Purandar,Zendewadi,2.0,Sandy,Rainfed
F0091,Sarita Bhosale,Kolhapur,Hatkanangle,Rukadi,9.4,Clayey,Flood
F0092,Nirmala Ghadge,Kolhapur,Gadhinglaj,Nesari,5.2,Red,Flood
F0093,Ashok Thorat,Aurangabad,Gangapur,Vaijapur Road,8.8,Laterite,Sprinkler
F0094,Gajanan Jadhav,Aurangabad,Vaijapur,Shivna,7.6,Sandy,Flood
F0095,Eknath Bansode,Solapur,Akkalkot,Jewargi,8.6,Clayey,Canal
F0096,Anil Nikam,Sangli,Khanapur,Bhalavani,8.6,Red,Rainfed
F0097,Kalpana Lokhande,Aurangabad,Paithan,Bidkin,4.8,Loamy,Rainfed
F0098,Bhausaheb Joshi,Beed,Ashti,Karanjwan,7.4,Clayey,Borewell
F0099,Mangal Tambe,Satara,Wai,Kikali,4.4,Sandy,Canal
F0100,Balasaheb Jagtap,Satara,Karad,Umbraj,8.3,Alluvial,Rainfed
F0101,Bharat Jagtap,Ahmednagar,Sangamner,Nimon,11.0,Alluvial,Well
F0102,Hanumant Kale,Ahmednagar,Kopargaon,Sangamner Bk,5.7,Sandy,Drip
F0103,Kamal Chavan,Solapur,Pandharpur,Gopalpur,8.5,Laterite,Canal
F0104,Vaishali Kale,Pune,Shirur,Kendur,7.3,Loamy,Borewell
F0105,Bharat Pawar,Solapur,Karmala,Kem,12.4,Loamy,Sprinkler
F0106,Santosh Vanjari,Beed,Georai,Talwada,2.7,Clayey,Borewell
F0107,Anil Nikam,Nashik,Yeola,Sonewadi,9.3,Alluvial,Well
F0108,Namdev Ranaware,Kolhapur,Panhala,Bhuye,4.8,Clayey,Sprinkler
F0109,Bapu Vanjari,Latur,Ausa,Killari,14.2,Red,Rainfed
F0110,Baban Suryawanshi,Beed,Georai,Talwada,4.0,Clayey,Drip
F0111,Sunil Patil,Kolhapur,Panhala,Bhuye,4.7,Red,Borewell
F0112,Hanumant Ghadge,Nashik,Niphad,Chandori,11.9,Laterite,Well
F0113,Shivaji Sable,Nashik,Yeola,Nagade,9.9,Sandy,Flood
F0114,Yogesh Deshmukh,Pune,Indapur,Nimgaon,9.1,Alluvial,Well
F0115,Hanumant Dalvi,Nashik,Dindori,Umrale,10.6,Sandy,Well
F0116,Lata Lokhande,Aurangabad,Paithan,Bidkin,13.4,Laterite,Borewell
F0117,Popat Jadhav,Nashik,Niphad,Pimpalgaon Baswant,15.0,Laterite,Flood
F0118,Vasant Vanjari,Pune,Indapur,Bawada,8.0,Loamy,Borewell
F0119,Bharat Yadav,Kolhapur,Panhala,Kodoli,7.3,Loamy,Borewell
F0120,Kiran Kale,Jalgaon,Erandol,Chinawal,10.6,Sandy,Rainfed
F0121,Kavita Tambe,Pune,Purandar,Saswad,5.1,Sandy,Drip
F0122,Kavita Mohite,Pune,Shirur,Chandan Rajuri,6.5,Red,Well
F0123,Chandrakant Aher,Aurangabad,Kannad,Pishor,3.5,Clayey,Canal
F0124,Hanumant Dalvi,Sangli,Khanapur,Vita,0.9,Laterite,Well
F0125,Sopan Kadam,Solapur,Akkalkot,Bori,8.5,Black,Canal
F0126,Rajendra Ghadge,Nashik,Niphad,Vinchur,14.0,Sandy,Well
F0127,Vasant Bhoir,Aurangabad,Kannad,Pishor,7.1,Red,Sprinkler
F0128,Ravindra Zende,Nanded,Kandhar,Fulwal,4.5,Alluvial,Flood
F0129,Sushma Bansode,Nanded,Mudkhed,Ardhapur,4.6,Sandy,Flood
F0130,Vaishali Bhosale,Aurangabad,Sillod,Amba,5.5,Clayey,Flood
F0131,Lata Wagh,Aurangabad,Vaijapur,Shivna,14.7,Red,Well
F0132,Dinesh Waghmare,Kolhapur,Karvir,Uchgaon,11.3,Laterite,Flood
F0133,Uttam Wagh,Beed,Ambajogai,Manoli,14.5,Red,Well
F0134,Vinod Kale,Aurangabad,Paithan,Vahegaon,0.7,Red,Sprinkler
F0135,Pravin Deshmukh,Aurangabad,Vaijapur,Lasur,9.5,Loamy,Rainfed
F0136,Anil Bansode,Beed,Ashti,Karanjwan,14.3,Laterite,Rainfed
F0137,Vaishali Sathe,Pune,Shirur,Ranjangaon,3.9,Laterite,Borewell
F0138,Dattatray More,Kolhapur,Karvir,Nigave,6.9,Laterite,Borewell
F0139,Sanjay Shinde,Satara,Karad,Masur,5.7,Loamy,Canal
F0140,Bhausaheb Ranaware,Kolhapur,Gadhinglaj,Kadgaon,3.0,Black,Well
F0141,Uttam Aher,Beed,Ambajogai,Manoli,13.7,Red,Canal
F0142,Pushpa Suryawanshi,Aurangabad,Vaijapur,Shivna,13.5,Loamy,Borewell
F0143,Lata Kadam,Nashik,Dindori,Umrale,14.8,Sandy,Rainfed
F0144,Mangal Suryawanshi,Aurangabad,Vaijapur,Shivna,15.0,Alluvial,Sprinkler
F0145,Nitin Nikam,Kolhapur,Gadhinglaj,Nesari,8.8,Laterite,Borewell
F0146,Amit Rathod,Solapur,Pandharpur,Bhandishegaon,13.0,Alluvial,Rainfed
F0147,Dilip Zende,Sangli,Khanapur,Bhalavani,11.7,Red,Well
F0148,Ratan Waghmare,Beed,Ambajogai,Manoli,10.3,Laterite,Flood
F0149,Vikas Kale,Beed,Georai,Rakshasbhuvan,11.9,Black,Well
F0150,Chandrakant Chavan,Nashik,Malegaon,Sayane,11.3,Red,Canal
F0151,Deepak Sathe,Satara,Man,Mhaswad,12.5,Sandy,Flood
F0152,Nirmala Kulkarni,Sangli,Walwa,Islampur,7.3,Black,Canal
F0153,Namdev Rathod,Nanded,Mudkhed,Ardhapur,12.0,Black,Borewell
F0154,Kamal Gaikwad,Aurangabad,Vaijapur,Lasur,9.0,Alluvial,Rainfed
F0155,Subhash Kale,Beed,Ambajogai,Manoli,0.9,Clayey,Borewell
F0156,Namdev Deshmukh,Beed,Parli,Mangrul,9.9,Black,Canal
F0157,Prakash Shinde,Solapur,Karmala,Kem,1.9,Clayey,Canal
F0158,Dinesh Ghadge,Satara,Man,Mhaswad,9.0,Laterite,Canal
F0159,Sushma Kale,Aurangabad,Sillod,Amba,14.1,Sandy,Drip
F0160,Subhash Mane,Aurangabad,Kannad,Pishor,12.9,Black,Rainfed
F0161,Subhash Sathe,Beed,Majalgaon,Kada,6.3,Red,Drip
F0162,Sarita More,Beed,Ambajogai,Bardapur,1.2,Sandy,Canal
F0163,Deepak Vanjari,Ahmednagar,Rahata,Loni,3.5,Red,Flood
F0164,Dattatray Bansode,Jalgaon,Raver,Nimbhora,4.5,Red,Canal
F0165,Lata Suryawanshi,Jalgaon,Chopda,Adgaon,2.4,Sandy,Flood
F0166,Sopan Yadav,Satara,Karad,Kale,4.3,Red,Rainfed
F0167,Sushma Ranaware,Nashik,Sinnar,Dodi Khurd,7.0,Sandy,Well
F0168,Nitin Dalvi,Nanded,Kandhar,Fulwal,11.0,Alluvial,Rainfed
F0169,Alka Joshi,Aurangabad,Paithan,Bidkin,15.0,Alluvial,Sprinkler
F0170,Mangal Kale,Aurangabad,Kannad,Pishor,13.5,Sandy,Well
F0171,Yogesh Deshmukh,Jalgaon,Erandol,Chinawal,6.0,Clayey,Well
F0172,Gorakh Ghadge,Nanded,Hadgaon,Chikhali,1.9,Laterite,Drip
F0173,Baban Sable,Aurangabad,Gangapur,Vaijapur Road,5.4,Loamy,Sprinkler
F0174,Sushma Kale,Satara,Koregaon,Wathar,10.1,Sandy,Canal
F0175,Kalpana Deshmukh,Nashik,Sinnar,Shivapur,6.8,Laterite,Rainfed
F0176,Subhash Chavan,Nanded,Bhokar,Loni,10.2,Loamy,Borewell
F0177,Mangal Pawar,Solapur,Akkalkot,Jewargi,5.6,Clayey,Well
F0178,Baban Bhosale,Beed,Parli,Sirsala,12.8,Sandy,Flood
F0179,Subhash Gaikwad,Solapur,Akkalkot,Bori,12.2,Alluvial,Well
F0180,Sanjay Zende,Beed,Majalgaon,Kada,3.1,Laterite,Flood
F0181,Bapu Bansode,Satara,Karad,Kale,13.1,Clayey,Rainfed
F0182,Kavita Deshmukh,Jalgaon,Chopda,Adgaon,11.3,Red,Sprinkler
F0183,Sushma Ghadge,Satara,Phaltan,Sasewadi,5.0,Sandy,Flood
F0184,Anil Pawar,Jalgaon,Jamner,Kajgaon,1.2,Black,Borewell
F0185,Vandana Sable,Aurangabad,Sillod,Amba,6.5,Red,Flood
F0186,Manisha Gaikwad,Satara,Koregaon,Rahimatpur,4.6,Laterite,Well
F0187,Vaishali Ranaware,Beed,Majalgaon,Kada,3.7,Clayey,Drip
F0188,Ramesh Mane,Solapur,Barshi,Vairag,11.6,Sandy,Borewell
F0189,Balasaheb Patil,Aurangabad,Kannad,Pishor,2.4,Clayey,Rainfed
F0190,Dattatray Mohite,Nanded,Mudkhed,Ardhapur,6.3,Laterite,Drip
F0191,Shobha Jadhav,Aurangabad,Paithan,Vahegaon,8.8,Clayey,Sprinkler
F0192,Sushma Kulkarni,Nashik,Dindori,Vani,14.5,Red,Flood
F0193,Sarita Pardeshi,Nashik,Dindori,Vani,4.0,Clayey,Sprinkler
F0194,Shakuntala More,Kolhapur,Shirol,Jaysingpur,3.7,Alluvial,Canal
F0195,Santosh Mohite,Beed,Georai,Talwada,13.6,Sandy,Borewell
F0196,Yogesh Nikam,Nashik,Niphad,Chandori,3.4,Clayey,Canal
F0197,Santosh Salunkhe,Beed,Parli,Mangrul,11.4,Alluvial,Well
F0198,Rekha Vanjari,Beed,Ashti,Karanjwan,13.0,Laterite,Borewell
F0199,Pravin Dalvi,Nashik,Dindori,Chausala,9.7,Alluvial,Borewell
F0200,Ganesh Gawali,Nanded,Bhokar,Loni,7.2,Black,Drip
F0201,Subhash Kulkarni,Nashik,Sinnar,Dodi Khurd,7.2,Clayey,Flood
F0202,Prakash Dalvi,Latur,Nilanga,Aurad,9.3,Clayey,Canal
F0203,Ganesh Dalvi,Nashik,Malegaon,Zodge,7.8,Red,Drip
F0204,Bhausaheb Dalvi,Aurangabad,Sillod,Bharadi,5.8,Sandy,Sprinkler
F0205,Anita Bansode,Beed,Ashti,Pimpalgaon,11.9,Laterite,Borewell
F0206,Rahul Bansode,Nashik,Yeola,Anwane,6.1,Sandy,Rainfed
F0207,Pravin Bansode,Nashik,Yeola,Anwane,2.6,Sandy,Borewell
F0208,Sunita Chavan,Latur,Ausa,Chincholi,8.6,Laterite,Flood
F0209,Vinod Chavan,Beed,Ashti,Pimpalgaon,9.9,Loamy,Well
F0210,Chandrakant Jadhav,Satara,Wai,Bavdhan,14.3,Sandy,Flood
F0211,Vaishali Jagtap,Ahmednagar,Shrirampur,Belapur,1.6,Alluvial,Flood
F0212,Mahesh Mohite,Nanded,Hadgaon,Tamsa,10.1,Alluvial,Well
F0213,Deepak Zende,Kolhapur,Hatkanangle,Ichalkaranji,3.1,Laterite,Flood
F0214,Manoj Dalvi,Pune,Purandar,Jejuri,10.3,Red,Sprinkler
F0215,Hanumant Dalvi,Ahmednagar,Newasa,Bhendapur,5.0,Alluvial,Flood
F0216,Kalpana Jagtap,Satara,Man,Mhaswad,7.2,Sandy,Flood
F0217,Uttam Mohite,Nanded,Naigaon,Bondar,12.3,Alluvial,Well
F0218,Vikas Suryawanshi,Pune,Purandar,Jejuri,8.5,Black,Rainfed
F0219,Alka Gaikwad,Solapur,Pandharpur,Gopalpur,4.5,Clayey,Canal
F0220,Shobha More,Ahmednagar,Sangamner,Nimon,14.0,Loamy,Drip
F0221,Sunita Mohite,Satara,Phaltan,Sasewadi,14.9,Sandy,Canal
F0222,Sanjay Shelke,Nashik,Malegaon,Dabhadi,2.5,Sandy,Flood
F0223,Kalpana Chavan,Sangli,Khanapur,Bhalavani,9.4,Black,Drip
F0224,Popat Mane,Jalgaon,Raver,Save,2.1,Sandy,Canal
F0225,Shankar Gaikwad,Pune,Indapur,Bawada,9.8,Clayey,Sprinkler
F0226,Rahul Gaikwad,Aurangabad,Sillod,Bharadi,9.7,Clayey,Canal
F0227,Yogesh Kulkarni,Kolhapur,Karvir,Uchgaon,4.0,Loamy,Canal
F0228,Anil Ranaware,Satara,Karad,Umbraj,8.4,Alluvial,Well
F0229,Amit Wagh,Aurangabad,Paithan,Vahegaon,14.7,Sandy,Rainfed
F0230,Amit Gawali,Nashik,Malegaon,Dabhadi,11.1,Laterite,Drip
F0231,Vinod Chavan,Pune,Daund,Kurkumbh,5.4,Laterite,Canal
F0232,Pushpa Kapse,Beed,Ambajogai,Bardapur,1.4,Alluvial,Sprinkler
F0233,Vijay Kulkarni,Ahmednagar,Rahata,Shirdi,13.3,Sandy,Borewell
F0234,Manisha Rathod,Nanded,Naigaon,Bharsi,1.0,Laterite,Canal
F0235,Hanumant Gawali,Pune,Daund,Rahu,2.3,Sandy,Sprinkler
F0236,Kavita Dalvi,Kolhapur,Shirol,Kurundwad,7.7,Loamy,Borewell
F0237,Alka Thorat,Nashik,Dindori,Vani,6.7,Alluvial,Canal
F0238,Lata Kulkarni,Satara,Karad,Kale,5.3,Sandy,Borewell
F0239,Rekha Zende,Sangli,Khanapur,Vita,10.5,Sandy,Sprinkler
F0240,Prakash Gawali,Latur,Udgir,Hipparga,9.8,Alluvial,Drip
F0241,Santosh Rathod,Satara,Man,Dahiwadi,14.3,Red,Flood
F0242,Vandana Shinde,Jalgaon,Chopda,Kolhali,11.8,Sandy,Borewell
F0243,Dinesh Vanjari,Pune,Shirur,Talegaon Dhamdhere,10.3,Sandy,Borewell
F0244,Vandana Deshmukh,Latur,Nilanga,Aurad,6.3,Laterite,Borewell
F0245,Bhausaheb Gaikwad,Pune,Indapur,Bawada,8.0,Clayey,Drip
F0246,Eknath Suryawanshi,Sangli,Khanapur,Vita,14.9,Sandy,Rainfed
F0247,Vaishali Jagtap,Nashik,Niphad,Pimpalgaon Baswant,7.1,Laterite,Sprinkler
F0248,Ashok Shelke,Beed,Majalgaon,Kada,8.5,Sandy,Borewell
F0249,Sunil Salunkhe,Satara,Man,Dahiwadi,2.3,Red,Flood
F0250,Vikas Nikam,Aurangabad,Paithan,Vahegaon,8.5,Sandy,Sprinkler
F0251,Deepak Aher,Nashik,Sinnar,Bhojapur,6.3,Laterite,Rainfed
F0252,Nirmala Ranaware,Kolhapur,Panhala,Kodoli,2.3,Sandy,Rainfed
F0253,Santosh Dalvi,Aurangabad,Sillod,Amba,2.4,Alluvial,Flood
F0254,Bharat Chavan,Kolhapur,Gadhinglaj,Kadgaon,12.6,Clayey,Canal
F0255,Shankar Kadam,Jalgaon,Erandol,Anturli,5.5,Clayey,Borewell
F0256,Anil Suryawanshi,Ahmednagar,Newasa,Sonai,2.3,Sandy,Well
F0257,Kamal More,Nanded,Kandhar,Fulwal,3.0,Clayey,Rainfed
F0258,Gajanan Vanjari,Pune,Baramati,Wadgaon,1.2,Laterite,Flood
F0259,Eknath Mane,Latur,Udgir,Devangaon,7.7,Laterite,Well
F0260,Gorakh Joshi,Aurangabad,Gangapur,Vaijapur Road,4.8,Black,Rainfed
F0261,Ganesh Kadam,Aurangabad,Kannad,Chapanwadi,7.2,Sandy,Well
F0262,Yogesh Shelke,Sangli,Walwa,Ashta,14.6,Red,Flood
F0263,Subhash Mohite,Nanded,Bhokar,Loni,4.0,Black,Borewell
F0264,Rekha Nikam,Jalgaon,Chopda,Adgaon,4.7,Loamy,Flood
F0265,Sushma Nikam,Jalgaon,Erandol,Chinawal,3.3,Red,Sprinkler
F0266,Manisha Ghadge,Aurangabad,Vaijapur,Lasur,0.8,Loamy,Well
F0267,Sarita Nikam,Ahmednagar,Newasa,Sonai,1.2,Sandy,Sprinkler
F0268,Kalpana Kulkarni,Nanded,Bhokar,Karla,6.7,Sandy,Rainfed
F0269,Chandrakant Rathod,Satara,Karad,Masur,1.2,Clayey,Canal
F0270,Chandrakant Tambe,Solapur,Pandharpur,Kasegaon,7.8,Alluvial,Well
F0271,Laxman Aher,Beed,Ashti,Pimpalgaon,2.4,Black,Sprinkler
F0272,Subhash Bansode,Nanded,Mudkhed,Ardhapur,3.4,Clayey,Sprinkler
F0273,Jyoti Shinde,Pune,Baramati,Katewadi,10.8,Alluvial,Sprinkler
F0274,Alka Ghadge,Jalgaon,Raver,Nimbhora,5.3,Clayey,Borewell
F0275,Sunil Rathod,Latur,Renapur,Chapoli,7.9,Clayey,Well
F0276,Vaishali Vanjari,Solapur,Karmala,Kem,5.8,Laterite,Drip
F0277,Sushma Yadav,Solapur,Pandharpur,Bhandishegaon,7.4,Laterite,Flood
F0278,Dattatray Pawar,Latur,Udgir,Devangaon,8.1,Laterite,Well
F0279,Uttam Bhosale,Beed,Ambajogai,Bardapur,8.8,Laterite,Drip
F0280,Ravindra Jadhav,Aurangabad,Vaijapur,Lasur,2.7,Laterite,Canal
F0281,Anita Mohite,Latur,Udgir,Devangaon,10.7,Clayey,Canal
F0282,Kiran Kapse,Nanded,Naigaon,Bharsi,14.4,Loamy,Well
F0283,Gajanan Sathe,Satara,Wai,Kikali,3.3,Red,Borewell
F0284,Shankar Waghmare,Solapur,Mohol,Shetphal,10.5,Loamy,Borewell
F0285,Nirmala Gawali,Nanded,Mudkhed,Malegaon,2.3,Laterite,Well
F0286,Uttam Rathod,Satara,Phaltan,Sasewadi,1.1,Laterite,Drip
F0287,Arun Dalvi,Beed,Majalgaon,Neknur,3.6,Alluvial,Well
F0288,Vasant Tambe,Sangli,Walwa,Islampur,2.1,Laterite,Well
F0289,Sopan Nikam,Pune,Shirur,Talegaon Dhamdhere,9.8,Black,Drip
F0290,Anita Bansode,Sangli,Khanapur,Vita,10.4,Red,Drip
F0291,Sunil Bhoir,Beed,Parli,Mangrul,9.9,Alluvial,Borewell
F0292,Kiran Kulkarni,Beed,Georai,Talwada,10.0,Red,Well
F0293,Vijay Salunkhe,Kolhapur,Hatkanangle,Ichalkaranji,15.0,Loamy,Flood
F0294,Sangita Salunkhe,Sangli,Walwa,Islampur,0.6,Clayey,Well
F0295,Nitin Bansode,Solapur,Karmala,Jeur,13.4,Red,Flood
F0296,Jyoti Ghadge,Solapur,Barshi,Vairag,5.3,Laterite,Sprinkler
F0297,Popat Salunkhe,Pune,Daund,Rahu,8.7,Alluvial,Canal
F0298,Kishor Aher,Beed,Parli,Mangrul,8.0,Black,Sprinkler
F0299,Mahesh Salunkhe,Jalgaon,Bhusawal,Varangaon,14.1,Black,Borewell
F0300,Dinesh Nikam,Aurangabad,Vaijapur,Lasur,4.9,Laterite,Well
F0301,Suresh Suryawanshi,Beed,Majalgaon,Kada,1.4,Black,Sprinkler
F0302,Bapu Kadam,Kolhapur,Gadhinglaj,Nesari,10.5,Laterite,Borewell
F0303,Subhash Aher,Ahmednagar,Shrirampur,Belapur,7.4,Loamy,Rainfed
F0304,Subhash Bhoir,Sangli,Jat,Sanond,11.5,Alluvial,Rainfed
F0305,Baban Nikam,Beed,Ashti,Pimpalgaon,8.1,Clayey,Rainfed
F0306,Chandrakant Deshmukh,Latur,Ausa,Killari,12.5,Clayey,Canal
F0307,Kamal Bhosale,Jalgaon,Erandol,Chinawal,2.2,Red,Rainfed
F0308,Vaishali More,Nanded,Naigaon,Bondar,7.1,Clayey,Sprinkler
F0309,Sarita Vanjari,Pune,Shirur,Chandan Rajuri,10.3,Sandy,Rainfed
F0310,Amit Rathod,Solapur,Pandharpur,Bhandishegaon,3.7,Black,Drip
F0311,Mangal Gawali,Sangli,Miraj,Kavthe Mahankal,14.1,Black,Sprinkler
F0312,Vijay Kulkarni,Kolhapur,Hatkanangle,Ichalkaranji,11.6,Laterite,Rainfed
F0313,Sushma Pardeshi,Kolhapur,Panhala,Bhuye,5.9,Laterite,Rainfed
F0314,Lata Chavan,Beed,Majalgaon,Kada,3.1,Clayey,Sprinkler
F0315,Shakuntala Chavan,Sangli,Tasgaon,Manjarde,11.5,Sandy,Sprinkler
F0316,Lata Sable,Nanded,Naigaon,Bondar,4.1,Sandy,Canal
F0317,Laxman Jagtap,Sangli,Miraj,Kavthe Mahankal,12.2,Loamy,Well
F0318,Amit Nikam,Ahmednagar,Rahata,Shirdi,9.1,Loamy,Well
F0319,Dilip Nikam,Sangli,Miraj,Bedag,6.9,Clayey,Canal
F0320,Ganesh Chavan,Nanded,Mudkhed,Ardhapur,12.3,Laterite,Well
F0321,Sachin Vanjari,Latur,Renapur,Ghongaon,4.9,Red,Rainfed
F0322,Alka Waghmare,Kolhapur,Shirol,Jaysingpur,1.4,Clayey,Rainfed
F0323,Kishor Sable,Nanded,Naigaon,Bondar,14.6,Laterite,Rainfed
F0324,Uttam Ranaware,Satara,Koregaon,Wathar,2.7,Loamy,Canal
F0325,Kamal Kapse,Ahmednagar,Shrirampur,Bhokar,12.9,Red,Flood
F0326,Pushpa Pawar,Nanded,Naigaon,Bharsi,8.6,Red,Sprinkler
F0327,Bhausaheb Suryawanshi,Ahmednagar,Kopargaon,Sangamner Bk,13.9,Alluvial,Borewell
F0328,Ashok Sathe,Sangli,Tasgaon,Manjarde,4.4,Laterite,Well
F0329,Prakash Deshmukh,Ahmednagar,Newasa,Bhendapur,7.5,Alluvial,Borewell
F0330,Shankar Patil,Ahmednagar,Shrirampur,Belapur,11.3,Alluvial,Sprinkler
F0331,Bhausaheb Zende,Sangli,Tasgaon,Vaziratmapur,13.8,Clayey,Borewell
F0332,Hanumant Wagh,Aurangabad,Sillod,Amba,5.0,Sandy,Well
F0333,Sangita Ghadge,Nashik,Dindori,Umrale,13.8,Sandy,Borewell
F0334,Anita Shinde,Latur,Nilanga,Halasi,0.7,Clayey,Well
F0335,Sushma Kulkarni,Jalgaon,Jamner,Neri,3.8,Clayey,Flood
F0336,Bhausaheb Lokhande,Nanded,Mudkhed,Malegaon,11.6,Loamy,Rainfed
F0337,Vaishali Ghadge,Jalgaon,Erandol,Anturli,2.5,Clayey,Sprinkler
F0338,Bharat Sathe,Beed,Georai,Talwada,12.7,Black,Flood
F0339,Dilip Patil,Kolhapur,Hatkanangle,Ichalkaranji,1.5,Red,Drip
F0340,Baban Mohite,Aurangabad,Vaijapur,Shivna,9.5,Laterite,Well
F0341,Nirmala Lokhande,Pune,Baramati,Loni,0.7,Clayey,Rainfed
F0342,Laxman Sathe,Solapur,Pandharpur,Bhandishegaon,12.3,Laterite,Sprinkler
F0343,Kishor Kale,Nashik,Yeola,Nagade,4.0,Clayey,Well
F0344,Popat Gawali,Solapur,Karmala,Kem,5.9,Loamy,Sprinkler
F0345,Bhausaheb Waghmare,Solapur,Pandharpur,Bhandishegaon,14.9,Laterite,Flood
F0346,Vijay More,Kolhapur,Panhala,Bhuye,8.5,Black,Rainfed
F0347,Suresh Kadam,Nashik,Dindori,Chausala,9.9,Sandy,Well
F0348,Mahesh Ranaware,Pune,Indapur,Walchandnagar,13.6,Laterite,Well
F0349,Kalpana Thorat,Pune,Baramati,Undavdi,13.5,Clayey,Rainfed
F0350,Vijay Salunkhe,Satara,Karad,Kale,9.0,Alluvial,Flood
F0351,Sunita Deshmukh,Solapur,Barshi,Vairag,8.7,Alluvial,Sprinkler
F0352,Lata Bansode,Kolhapur,Hatkanangle,Ichalkaranji,7.8,Sandy,Drip
F0353,Mahesh Sable,Ahmednagar,Rahata,Kolhar,9.3,Clayey,Well
F0354,Sunita Shelke,Pune,Daund,Patas,7.6,Sandy,Well
F0355,Uttam Sable,Jalgaon,Raver,Save,1.7,Clayey,Borewell
F0356,Bhausaheb Deshmukh,Nashik,Malegaon,Dabhadi,6.0,Alluvial,Rainfed
F0357,Pravin Wagh,Satara,Wai,Bavdhan,1.8,Sandy,Sprinkler
F0358,Chandrakant Thorat,Nashik,Niphad,Pimpalgaon Baswant,3.2,Loamy,Well
F0359,Manisha Bhoir,Nashik,Sinnar,Shivapur,5.6,Black,Well
F0360,Kiran Wagh,Pune,Daund,Patas,6.1,Black,Rainfed
F0361,Bhausaheb Vanjari,Nanded,Kandhar,Umri,3.0,Sandy,Borewell
F0362,Vasant Lokhande,Jalgaon,Chopda,Kolhali,6.8,Loamy,Borewell
F0363,Nirmala Deshmukh,Satara,Wai,Bavdhan,11.0,Loamy,Well
F0364,Shivaji Ghadge,Nashik,Niphad,Chandori,0.6,Loamy,Borewell
F0365,Uttam Bansode,Aurangabad,Vaijapur,Lasur,12.3,Alluvial,Rainfed
F0366,Vikas Joshi,Satara,Man,Dahiwadi,7.4,Red,Sprinkler
F0367,Sachin Kulkarni,Sangli,Khanapur,Vita,5.2,Sandy,Flood
F0368,Sunita Pardeshi,Nashik,Yeola,Nagade,9.1,Clayey,Canal
F0369,Sanjay Ghadge,Sangli,Tasgaon,Vaziratmapur,12.1,Alluvial,Rainfed
F0370,Rahul Bhoir,Beed,Parli,Sirsala,9.7,Red,Borewell
F0371,Pravin Sable,Kolhapur,Karvir,Uchgaon,14.9,Loamy,Well
F0372,Kavita Sathe,Nanded,Naigaon,Bondar,12.0,Sandy,Rainfed
F0373,Kamal Zende,Beed,Georai,Talwada,11.6,Laterite,Rainfed
F0374,Ratan Kadam,Beed,Ashti,Pimpalgaon,8.7,Laterite,Rainfed
F0375,Kavita Bansode,Kolhapur,Karvir,Nigave,1.9,Red,Well
F0376,Alka Tambe,Latur,Chakur,Mangrul,7.0,Loamy,Sprinkler
F0377,Jyoti Bhosale,Satara,Karad,Masur,2.0,Loamy,Drip
F0378,Rajendra Bhosale,Satara,Wai,Kikali,7.1,Red,Well
F0379,Nirmala Gawali,Aurangabad,Paithan,Vahegaon,11.0,Loamy,Borewell
F0380,Rahul Joshi,Pune,Baramati,Malegaon,12.8,Laterite,Drip
F0381,Manoj Nikam,Nanded,Kandhar,Fulwal,5.3,Loamy,Sprinkler
F0382,Dattatray Rathod,Beed,Ambajogai,Bardapur,9.8,Loamy,Sprinkler
F0383,Sanjay Aher,Ahmednagar,Sangamner,Nimon,6.1,Laterite,Canal
F0384,Tanaji Thorat,Sangli,Miraj,Kavthe Mahankal,12.1,Clayey,Canal
F0385,Chandrakant Shelke,Ahmednagar,Sangamner,Ghargaon,4.3,Alluvial,Sprinkler
F0386,Shakuntala Shelke,Latur,Udgir,Hipparga,9.0,Sandy,Borewell
F0387,Sarita Aher,Jalgaon,Erandol,Anturli,10.2,Sandy,Drip
F0388,Sopan Joshi,Nashik,Niphad,Chandori,10.6,Clayey,Sprinkler
F0389,Sushma Zende,Jalgaon,Raver,Save,6.6,Loamy,Rainfed
F0390,Kamal Salunkhe,Nanded,Kandhar,Umri,4.7,Red,Borewell
F0391,Rekha Aher,Pune,Daund,Yavat,7.5,Red,Flood
F0392,Dinesh Tambe,Nanded,Naigaon,Bharsi,10.4,Loamy,Rainfed
F0393,Vandana Lokhande,Jalgaon,Chopda,Adgaon,12.0,Red,Borewell
F0394,Vijay Thorat,Ahmednagar,Newasa,Sonai,2.9,Loamy,Well
F0395,Sangita Tambe,Nanded,Bhokar,Karla,4.4,Clayey,Flood
F0396,Chandrakant Sathe,Pune,Purandar,Narayanpur,14.9,Black,Rainfed
F0397,Bhausaheb Joshi,Pune,Purandar,Jejuri,5.6,Alluvial,Drip
F0398,Vandana Gaikwad,Ahmednagar,Shrirampur,Bhokar,13.0,Clayey,Rainfed
F0399,Mangal Kadam,Latur,Nilanga,Halasi,12.3,Alluvial,Drip
F0400,Arun Sathe,Solapur,Akkalkot,Bori,5.2,Laterite,Borewell
F0401,Gorakh Vanjari,Solapur,Akkalkot,Bori,2.5,Alluvial,Flood
F0402,Anita Pawar,Solapur,Barshi,Vairag,4.1,Laterite,Borewell
F0403,Bhausaheb Rathod,Aurangabad,Gangapur,Vaijapur Road,9.6,Loamy,Sprinkler
F0404,Santosh More,Kolhapur,Gadhinglaj,Nesari,10.6,Sandy,Sprinkler
F0405,Vaishali Shelke,Latur,Ausa,Killari,11.1,Loamy,Rainfed
F0406,Ratan Deshmukh,Nanded,Naigaon,Bondar,14.5,Alluvial,Canal
F0407,Sangita Thorat,Satara,Wai,Kikali,8.4,Red,Well
F0408,Vaishali Bansode,Beed,Georai,Talwada,1.9,Alluvial,Flood
F0409,Sarita Jadhav,Nashik,Niphad,Vinchur,7.1,Loamy,Canal
F0410,Deepak Joshi,Jalgaon,Erandol,Anturli,10.0,Sandy,Drip
F0411,Subhash Kadam,Pune,Purandar,Jejuri,11.0,Alluvial,Canal
F0412,Mangal More,Sangli,Miraj,Kavthe Mahankal,3.6,Black,Canal
F0413,Namdev Ranaware,Beed,Parli,Sirsala,0.6,Sandy,Flood
F0414,Balasaheb Sable,Sangli,Tasgaon,Vaziratmapur,1.5,Loamy,Drip
F0415,Nitin Kale,Satara,Wai,Kikali,2.5,Alluvial,Flood
F0416,Vikas Bhosale,Nashik,Yeola,Anwane,0.6,Laterite,Canal
F0417,Vandana Gawali,Sangli,Tasgaon,Manjarde,13.8,Clayey,Rainfed
F0418,Vandana Mane,Nashik,Sinnar,Musalgaon,11.4,Clayey,Rainfed
F0419,Dinesh Gawali,Kolhapur,Shirol,Kurundwad,4.1,Laterite,Drip
F0420,Bhausaheb Tambe,Latur,Chakur,Sindala,11.8,Laterite,Drip
F0421,Shankar Mane,Nanded,Hadgaon,Tamsa,11.3,Sandy,Rainfed
F0422,Dilip Nikam,Aurangabad,Kannad,Pishor,4.0,Laterite,Well
F0423,Santosh Ranaware,Pune,Daund,Rahu,2.4,Alluvial,Flood
F0424,Sushma Pardeshi,Nanded,Kandhar,Umri,14.3,Alluvial,Drip
F0425,Amit Yadav,Nashik,Sinnar,Bhojapur,3.6,Black,Flood
F0426,Sunita Mohite,Solapur,Akkalkot,Jewargi,6.6,Loamy,Drip
F0427,Kamal Sathe,Latur,Nilanga,Aurad,1.7,Black,Well
F0428,Tanaji Bhosale,Nanded,Mudkhed,Malegaon,9.0,Alluvial,Flood
F0429,Rahul Joshi,Sangli,Khanapur,Vita,1.3,Black,Sprinkler
F0430,Rajendra Ghadge,Latur,Chakur,Mangrul,5.0,Laterite,Rainfed
F0431,Kishor Gaikwad,Pune,Indapur,Sanaswadi,0.7,Loamy,Borewell
F0432,Alka Ranaware,Sangli,Walwa,Islampur,5.9,Laterite,Flood
F0433,Vasant Gaikwad,Pune,Daund,Patas,4.4,Black,Borewell
F0434,Santosh Lokhande,Aurangabad,Sillod,Amba,1.3,Alluvial,Well
F0435,Manoj Pardeshi,Jalgaon,Erandol,Anturli,13.5,Laterite,Rainfed
F0436,Rajendra Waghmare,Sangli,Jat,Umadi,1.1,Alluvial,Drip
F0437,Bhausaheb Shinde,Aurangabad,Vaijapur,Lasur,13.8,Red,Flood
F0438,Vijay Tambe,Sangli,Khanapur,Vita,5.2,Loamy,Rainfed
F0439,Sachin Thorat,Nashik,Yeola,Sonewadi,2.2,Laterite,Drip
F0440,Kishor Waghmare,Nanded,Bhokar,Loni,1.5,Loamy,Flood
F0441,Hanumant Joshi,Satara,Karad,Umbraj,7.1,Sandy,Canal
F0442,Gorakh Vanjari,Solapur,Akkalkot,Bori,7.2,Clayey,Sprinkler
F0443,Shivaji Sathe,Ahmednagar,Shrirampur,Belapur,14.0,Black,Canal
F0444,Lata Gawali,Beed,Georai,Rakshasbhuvan,0.5,Laterite,Sprinkler
F0445,Bapu Kale,Ahmednagar,Newasa,Bhendapur,6.6,Black,Canal
F0446,Laxman More,Pune,Indapur,Kalas,6.5,Sandy,Sprinkler
F0447,Anil Yadav,Nashik,Yeola,Nagade,9.7,Loamy,Drip
F0448,Ganesh Sable,Beed,Ambajogai,Bardapur,4.7,Alluvial,Borewell
F0449,Sunita Shelke,Satara,Koregaon,Wathar,3.9,Red,Canal
F0450,Nitin Bhosale,Nashik,Niphad,Vinchur,7.3,Loamy,Drip
F0451,Kamal Gawali,Ahmednagar,Sangamner,Nimon,7.2,Alluvial,Drip
F0452,Ashok Kadam,Beed,Majalgaon,Kada,3.6,Alluvial,Borewell
F0453,Yogesh More,Sangli,Tasgaon,Vaziratmapur,6.2,Black,Rainfed
F0454,Shankar Suryawanshi,Jalgaon,Chopda,Vadali,12.9,Clayey,Rainfed
F0455,Bhausaheb Kale,Aurangabad,Paithan,Bidkin,2.3,Black,Flood
F0456,Namdev Chavan,Ahmednagar,Sangamner,Nimon,10.5,Laterite,Drip
F0457,Eknath Deshmukh,Pune,Baramati,Sonawadi,13.6,Loamy,Flood
F0458,Deepak More,Satara,Karad,Kale,14.2,Black,Canal
F0459,Shobha Rathod,Aurangabad,Paithan,Vahegaon,10.4,Red,Borewell
F0460,Baban Salunkhe,Solapur,Mohol,Bhima Nagar,13.3,Black,Well
F0461,Bhausaheb Kulkarni,Aurangabad,Kannad,Chapanwadi,1.4,Sandy,Sprinkler
F0462,Vikas Bhoir,Ahmednagar,Newasa,Bhendapur,9.6,Alluvial,Well
F0463,Amit Wagh,Sangli,Walwa,Ashta,8.4,Loamy,Borewell
F0464,Jyoti Shelke,Kolhapur,Shirol,Kurundwad,0.9,Clayey,Canal
F0465,Sanjay Thorat,Pune,Purandar,Jejuri,11.6,Red,Canal
F0466,Mahesh Nikam,Beed,Ambajogai,Manoli,8.2,Alluvial,Rainfed
F0467,Ganesh Waghmare,Latur,Udgir,Hipparga,14.1,Alluvial,Canal
F0468,Kishor Nikam,Latur,Renapur,Chapoli,13.8,Black,Rainfed
F0469,Ratan Vanjari,Latur,Nilanga,Halasi,12.6,Alluvial,Sprinkler
F0470,Lata Joshi,Jalgaon,Bhusawal,Bahadarpur,1.8,Red,Well
F0471,Namdev Jadhav,Nanded,Naigaon,Bondar,5.3,Clayey,Canal
F0472,Deepak Bansode,Sangli,Tasgaon,Vaziratmapur,1.4,Red,Well
F0473,Yogesh Gaikwad,Nanded,Mudkhed,Ardhapur,5.9,Laterite,Sprinkler
F0474,Mahesh Bansode,Solapur,Mohol,Shetphal,14.6,Laterite,Sprinkler
F0475,Vaishali Shelke,Jalgaon,Raver,Save,3.7,Clayey,Flood
F0476,Kishor Wagh,Solapur,Mohol,Shetphal,3.1,Black,Rainfed
F0477,Sunita Vanjari,Pune,Indapur,Kalas,5.1,Alluvial,Well
F0478,Namdev Vanjari,Nashik,Dindori,Mohadi,5.3,Black,Canal
F0479,Arun Shelke,Jalgaon,Chopda,Chorwad,7.0,Sandy,Canal
F0480,Bhausaheb Deshmukh,Satara,Wai,Bavdhan,10.9,Black,Sprinkler
F0481,Vandana Bhoir,Jalgaon,Bhusawal,Varangaon,13.3,Sandy,Well
F0482,Uttam Kale,Aurangabad,Sillod,Bharadi,2.9,Black,Flood
F0483,Vijay Kulkarni,Pune,Daund,Rahu,14.3,Black,Borewell
F0484,Manoj Wagh,Jalgaon,Chopda,Adgaon,5.4,Clayey,Sprinkler
F0485,Sanjay Sable,Beed,Ambajogai,Manoli,2.8,Black,Borewell
F0486,Tanaji Jagtap,Kolhapur,Gadhinglaj,Nesari,10.1,Sandy,Canal
F0487,Mahesh Pawar,Kolhapur,Gadhinglaj,Nesari,2.7,Sandy,Drip
F0488,Mangal More,Solapur,Akkalkot,Jewargi,3.4,Black,Canal
F0489,Manoj Kulkarni,Nashik,Dindori,Vani,5.0,Loamy,Sprinkler
F0490,Vaishali Suryawanshi,Nashik,Yeola,Sonewadi,3.2,Loamy,Borewell
F0491,Bharat Dalvi,Pune,Daund,Patas,7.2,Red,Flood
F0492,Vasant Vanjari,Pune,Indapur,Sanaswadi,10.2,Black,Rainfed
F0493,Arun Sathe,Kolhapur,Gadhinglaj,Kadgaon,8.5,Alluvial,Sprinkler
F0494,Alka Bhoir,Nanded,Naigaon,Bondar,7.4,Black,Sprinkler
F0495,Vijay Mohite,Latur,Chakur,Mangrul,2.2,Alluvial,Sprinkler
F0496,Kishor Kadam,Ahmednagar,Shrirampur,Belapur,1.1,Black,Rainfed
F0497,Shobha Jagtap,Beed,Ambajogai,Manoli,5.1,Laterite,Flood
F0498,Rahul More,Kolhapur,Gadhinglaj,Nesari,8.5,Alluvial,Borewell
F0499,Alka Ghadge,Pune,Shirur,Chandan Rajuri,2.1,Red,Canal
F0500,Mahesh Kale,Latur,Ausa,Chincholi,13.1,Sandy,Sprinkler
F0501,Eknath Wagh,Beed,Parli,Mangrul,1.0,Sandy,Sprinkler
F0502,Yogesh Aher,Latur,Udgir,Devangaon,6.2,Sandy,Rainfed
F0503,Sopan Pawar,Sangli,Khanapur,Bhalavani,13.5,Black,Borewell
F0504,Shankar Joshi,Solapur,Karmala,Kem,14.6,Red,Canal
F0505,Shankar Dalvi,Satara,Wai,Kikali,9.3,Black,Canal
F0506,Vandana Mane,Kolhapur,Panhala,Bhuye,12.4,Clayey,Flood
F0507,Sunil Deshmukh,Solapur,Akkalkot,Jewargi,2.5,Alluvial,Well
F0508,Sanjay Salunkhe,Ahmednagar,Shrirampur,Belapur,4.1,Loamy,Drip
F0509,Chandrakant Jagtap,Solapur,Mohol,Bhima Nagar,7.8,Laterite,Drip
F0510,Sanjay Nikam,Satara,Koregaon,Wathar,3.1,Alluvial,Sprinkler
F0511,Arun Gawali,Jalgaon,Erandol,Anturli,4.6,Loamy,Drip
F0512,Sunil Vanjari,Ahmednagar,Shrirampur,Belapur,10.3,Sandy,Rainfed
F0513,Anita Mohite,Pune,Baramati,Supe,13.7,Laterite,Canal
F0514,Suresh Waghmare,Solapur,Akkalkot,Jewargi,10.8,Laterite,Rainfed
F0515,Laxman Sable,Kolhapur,Shirol,Jaysingpur,4.2,Loamy,Borewell
F0516,Alka Aher,Kolhapur,Gadhinglaj,Kadgaon,0.6,Laterite,Flood
F0517,Subhash Tambe,Beed,Ashti,Karanjwan,4.8,Black,Sprinkler
F0518,Rahul Bansode,Solapur,Mohol,Bhima Nagar,4.3,Laterite,Rainfed
F0519,Shankar Jagtap,Jalgaon,Raver,Nimbhora,13.5,Alluvial,Flood
F0520,Kavita Shelke,Beed,Ambajogai,Bardapur,10.0,Sandy,Borewell
F0521,Sushma Rathod,Kolhapur,Karvir,Nigave,5.5,Laterite,Canal
F0522,Kamal Kapse,Beed,Majalgaon,Neknur,12.8,Alluvial,Rainfed
F0523,Bharat Kulkarni,Nashik,Dindori,Mohadi,11.2,Laterite,Flood
F0524,Bharat Bansode,Beed,Georai,Talwada,5.7,Laterite,Flood
F0525,Bapu Bhoir,Satara,Wai,Kikali,9.0,Loamy,Flood
F0526,Balasaheb Kapse,Pune,Shirur,Ranjangaon,7.3,Red,Well
F0527,Balasaheb Wagh,Nanded,Mudkhed,Malegaon,1.3,Alluvial,Canal
F0528,Vikas Jagtap,Satara,Koregaon,Wathar,2.6,Alluvial,Rainfed
F0529,Bharat More,Aurangabad,Vaijapur,Shivna,5.0,Black,Drip
F0530,Rekha Thorat,Ahmednagar,Shrirampur,Belapur,7.6,Alluvial,Flood
F0531,Ashok Chavan,Latur,Udgir,Hipparga,6.3,Loamy,Sprinkler
F0532,Ramesh Shinde,Nanded,Kandhar,Umri,14.3,Sandy,Flood
F0533,Shakuntala Jagtap,Pune,Baramati,Sonawadi,3.8,Sandy,Borewell
F0534,Deepak Kale,Kolhapur,Gadhinglaj,Nesari,2.9,Alluvial,Drip
F0535,Shankar Kulkarni,Aurangabad,Sillod,Amba,6.8,Laterite,Canal
F0536,Gajanan Lokhande,Satara,Phaltan,Nirgudi,14.2,Alluvial,Sprinkler
F0537,Amit Waghmare,Ahmednagar,Shrirampur,Belapur,11.1,Clayey,Well
F0538,Manoj Gaikwad,Satara,Karad,Masur,13.2,Sandy,Flood
F0539,Kamal Aher,Pune,Shirur,Ranjangaon,10.1,Laterite,Flood
F0540,Amit Pawar,Sangli,Miraj,Bedag,6.9,Black,Well
F0541,Popat Kapse,Sangli,Tasgaon,Manjarde,10.6,Laterite,Drip
F0542,Shankar Bhoir,Beed,Georai,Rakshasbhuvan,9.5,Laterite,Canal
F0543,Sushma Kale,Nanded,Hadgaon,Tamsa,4.6,Alluvial,Drip
F0544,Sangita Jagtap,Latur,Nilanga,Aurad,12.6,Red,Borewell
F0545,Anita Kulkarni,Jalgaon,Chopda,Vadali,13.7,Laterite,Sprinkler
F0546,Vinod Nikam,Pune,Baramati,Wadgaon,13.6,Alluvial,Well
F0547,Sangita Bhosale,Nashik,Yeola,Nagade,11.0,Black,Borewell
F0548,Dattatray Ghadge,Solapur,Mohol,Bhima Nagar,1.2,Alluvial,Canal
F0549,Prakash Kulkarni,Satara,Wai,Kikali,11.2,Black,Flood
F0550,Prakash Patil,Jalgaon,Jamner,Neri,5.7,Loamy,Well
F0551,Vasant More,Satara,Wai,Bavdhan,2.2,Loamy,Sprinkler
F0552,Vasant Wagh,Sangli,Khanapur,Bhalavani,9.9,Alluvial,Canal
F0553,Rajendra Chavan,Sangli,Miraj,Kavthe Mahankal,2.0,Clayey,Sprinkler
F0554,Vandana Salunkhe,Latur,Udgir,Hipparga,9.4,Alluvial,Rainfed
F0555,Deepak Kapse,Aurangabad,Paithan,Vahegaon,6.9,Black,Borewell
F0556,Sachin Patil,Sangli,Jat,Umadi,14.7,Laterite,Flood
F0557,Gajanan Ranaware,Nanded,Hadgaon,Tamsa,6.8,Laterite,Canal
F0558,Nirmala Gawali,Beed,Parli,Sirsala,12.7,Clayey,Well
F0559,Dilip Patil,Beed,Ambajogai,Manoli,12.9,Alluvial,Canal
F0560,Santosh Lokhande,Satara,Phaltan,Sasewadi,14.6,Black,Well
F0561,Namdev Tambe,Beed,Parli,Mangrul,12.3,Black,Sprinkler
F0562,Vandana Vanjari,Aurangabad,Paithan,Vahegaon,7.0,Black,Sprinkler
F0563,Amit Kale,Kolhapur,Panhala,Kodoli,8.6,Black,Flood
F0564,Ashok Zende,Latur,Renapur,Ghongaon,10.0,Loamy,Borewell
F0565,Chandrakant Pawar,Ahmednagar,Sangamner,Nimon,8.6,Clayey,Well
F0566,Kalpana Pardeshi,Sangli,Khanapur,Vita,1.9,Laterite,Canal
F0567,Ramesh Bansode,Satara,Wai,Kikali,10.7,Black,Canal
F0568,Sangita Chavan,Sangli,Khanapur,Vita,4.2,Red,Canal
F0569,Balasaheb Rathod,Ahmednagar,Sangamner,Ghargaon,10.9,Black,Flood
F0570,Sushma Shinde,Beed,Ashti,Pimpalgaon,11.7,Loamy,Sprinkler
F0571,Jyoti Chavan,Aurangabad,Paithan,Bidkin,8.5,Loamy,Flood
F0572,Nirmala Mohite,Jalgaon,Raver,Nimbhora,11.1,Red,Drip
F0573,Dinesh Zende,Latur,Renapur,Chapoli,6.6,Clayey,Rainfed
F0574,Bhausaheb Thorat,Kolhapur,Shirol,Jaysingpur,7.1,Red,Canal
F0575,Anita Zende,Sangli,Jat,Sanond,12.7,Clayey,Flood
F0576,Sachin Tambe,Beed,Ambajogai,Bardapur,3.5,Laterite,Borewell
F0577,Arun Chavan,Sangli,Tasgaon,Vaziratmapur,10.8,Alluvial,Borewell
F0578,Nirmala Yadav,Latur,Udgir,Hipparga,13.2,Loamy,Flood
F0579,Suresh Ranaware,Nashik,Sinnar,Dodi Khurd,2.6,Laterite,Drip
F0580,Shivaji Thorat,Jalgaon,Erandol,Chinawal,2.6,Black,Rainfed
F0581,Gorakh Mane,Nanded,Bhokar,Loni,12.3,Black,Well
F0582,Namdev Tambe,Kolhapur,Hatkanangle,Rukadi,10.5,Black,Sprinkler
F0583,Dinesh Bhoir,Beed,Majalgaon,Kada,0.7,Sandy,Canal
F0584,Vandana Waghmare,Beed,Majalgaon,Kada,11.8,Red,Borewell
F0585,Rekha Salunkhe,Beed,Georai,Talwada,14.5,Laterite,Well
F0586,Balasaheb Wagh,Pune,Purandar,Jejuri,8.6,Red,Canal
F0587,Popat Patil,Satara,Koregaon,Rahimatpur,1.1,Sandy,Well
F0588,Dilip Aher,Beed,Majalgaon,Neknur,12.0,Clayey,Borewell
F0589,Santosh Shelke,Nanded,Kandhar,Fulwal,8.0,Alluvial,Well
F0590,Sunil Bhoir,Nanded,Hadgaon,Chikhali,1.8,Red,Canal
F0591,Vinod Bansode,Satara,Wai,Bavdhan,14.3,Clayey,Well
F0592,Kalpana Tambe,Beed,Georai,Talwada,10.2,Loamy,Canal
F0593,Bhausaheb Shinde,Beed,Majalgaon,Neknur,13.8,Black,Sprinkler
F0594,Popat Sathe,Sangli,Walwa,Islampur,13.7,Alluvial,Flood
F0595,Subhash Mohite,Nanded,Naigaon,Bharsi,1.1,Laterite,Canal
F0596,Kiran Mohite,Nashik,Sinnar,Musalgaon,14.6,Alluvial,Well
F0597,Kamal Patil,Beed,Georai,Talwada,10.2,Alluvial,Canal
F0598,Mangal Kale,Ahmednagar,Newasa,Sonai,9.9,Black,Rainfed
F0599,Pravin Jadhav,Aurangabad,Vaijapur,Shivna,1.8,Black,Canal
F0600,Popat Tambe,Nashik,Yeola,Nagade,13.7,Loamy,Sprinkler
F0601,Rekha Rathod,Kolhapur,Shirol,Kurundwad,6.1,Black,Well
F0602,Ramesh Aher,Nashik,Yeola,Nagade,10.7,Black,Borewell
F0603,Jyoti Kale,Solapur,Mohol,Shetphal,4.6,Loamy,Sprinkler
F0604,Sunita Jadhav,Aurangabad,Gangapur,Nandgaon,2.5,Loamy,Flood
F0605,Lata Kulkarni,Beed,Ambajogai,Manoli,10.3,Alluvial,Flood
F0606,Subhash Patil,Nanded,Hadgaon,Tamsa,2.3,Black,Well
F0607,Sunita Sathe,Nanded,Bhokar,Loni,3.5,Laterite,Rainfed
F0608,Arun Mane,Kolhapur,Gadhinglaj,Kadgaon,2.8,Red,Well
F0609,Popat Jagtap,Nashik,Niphad,Pimpalgaon Baswant,12.8,Clayey,Sprinkler
F0610,Santosh Kulkarni,Beed,Georai,Rakshasbhuvan,1.9,Laterite,Well
F0611,Vaishali Bansode,Satara,Phaltan,Nirgudi,2.0,Clayey,Drip
F0612,Ravindra Shelke,Aurangabad,Kannad,Chapanwadi,9.4,Sandy,Rainfed
F0613,Pravin Vanjari,Latur,Renapur,Chapoli,14.4,Red,Drip
F0614,Sachin Nikam,Ahmednagar,Sangamner,Nimon,12.7,Red,Rainfed
F0615,Vinod Kapse,Aurangabad,Kannad,Chapanwadi,11.7,Loamy,Well
F0616,Nitin Salunkhe,Beed,Ashti,Pimpalgaon,12.7,Alluvial,Flood
F0617,Vikas Sathe,Ahmednagar,Kopargaon,Sangamner Bk,11.0,Black,Flood
F0618,Jyoti Jadhav,Latur,Chakur,Sindala,11.7,Red,Drip
F0619,Eknath Sathe,Nanded,Naigaon,Bondar,5.8,Red,Flood
F0620,Gorakh Chavan,Aurangabad,Sillod,Bharadi,6.3,Clayey,Drip
F0621,Sopan Aher,Beed,Ambajogai,Bardapur,7.0,Red,Well
F0622,Yogesh Kapse,Satara,Karad,Kale,11.5,Red,Drip
F0623,Eknath Pardeshi,Ahmednagar,Rahata,Loni,3.5,Alluvial,Borewell
F0624,Dinesh Kapse,Aurangabad,Paithan,Bidkin,14.7,Sandy,Drip
F0625,Alka Thorat,Sangli,Walwa,Islampur,6.0,Loamy,Borewell
F0626,Santosh Ranaware,Solapur,Karmala,Kem,8.0,Sandy,Flood
F0627,Arun Lokhande,Aurangabad,Sillod,Bharadi,7.8,Red,Sprinkler
F0628,Manoj Waghmare,Nashik,Yeola,Anwane,4.6,Red,Canal
F0629,Sunil Pardeshi,Latur,Ausa,Killari,6.5,Sandy,Rainfed
F0630,Rajendra Kapse,Beed,Parli,Mangrul,3.6,Red,Rainfed
F0631,Anita Jadhav,Ahmednagar,Rahata,Shirdi,8.8,Red,Canal
F0632,Manisha Shinde,Latur,Nilanga,Halasi,2.9,Red,Well
F0633,Kavita Zende,Latur,Ausa,Chincholi,14.2,Red,Sprinkler
F0634,Kalpana Kapse,Jalgaon,Jamner,Neri,9.2,Alluvial,Well
F0635,Bharat Aher,Beed,Ashti,Karanjwan,2.9,Laterite,Borewell
F0636,Sarita Zende,Latur,Ausa,Killari,6.0,Red,Drip
F0637,Amit Jagtap,Nanded,Hadgaon,Chikhali,12.5,Clayey,Drip
F0638,Kishor Kapse,Latur,Chakur,Mangrul,13.2,Clayey,Well
F0639,Balasaheb More,Aurangabad,Gangapur,Nandgaon,13.5,Alluvial,Rainfed
F0640,Shobha Ranaware,Kolhapur,Shirol,Kurundwad,10.6,Loamy,Canal
F0641,Nirmala Wagh,Satara,Man,Dahiwadi,6.7,Sandy,Sprinkler
F0642,Dattatray More,Solapur,Akkalkot,Jewargi,4.2,Black,Rainfed
F0643,Ramesh Vanjari,Nanded,Bhokar,Karla,5.9,Red,Rainfed
F0644,Sachin Bhoir,Satara,Karad,Kale,6.7,Clayey,Borewell
F0645,Eknath Sathe,Kolhapur,Gadhinglaj,Nesari,9.4,Laterite,Sprinkler
F0646,Tanaji Bhoir,Nanded,Hadgaon,Chikhali,3.1,Clayey,Well
F0647,Nirmala Suryawanshi,Solapur,Akkalkot,Jewargi,11.7,Loamy,Rainfed
F0648,Vikas Gaikwad,Sangli,Tasgaon,Vaziratmapur,11.9,Red,Drip
F0649,Baban Mohite,Kolhapur,Shirol,Kurundwad,2.8,Laterite,Drip
F0650,Ashok Bhosale,Aurangabad,Sillod,Amba,1.8,Sandy,Canal
F0651,Subhash More,Latur,Ausa,Chincholi,14.0,Loamy,Well
F0652,Alka Kulkarni,Sangli,Jat,Umadi,14.2,Alluvial,Canal
F0653,Sangita Dalvi,Pune,Indapur,Sanaswadi,14.0,Clayey,Borewell
F0654,Ravindra Shinde,Latur,Chakur,Mangrul,9.4,Laterite,Drip
F0655,Chandrakant Nikam,Beed,Georai,Talwada,1.8,Sandy,Flood
F0656,Kavita Gawali,Beed,Parli,Mangrul,9.0,Clayey,Drip
F0657,Rahul More,Nanded,Mudkhed,Malegaon,5.5,Alluvial,Borewell
F0658,Namdev Zende,Ahmednagar,Sangamner,Nimon,8.8,Sandy,Canal
F0659,Anita Mohite,Nashik,Yeola,Nagade,7.8,Sandy,Drip
F0660,Manisha Suryawanshi,Nanded,Hadgaon,Chikhali,10.6,Loamy,Well
F0661,Nirmala Nikam,Satara,Koregaon,Wathar,13.5,Alluvial,Drip
F0662,Nirmala Gaikwad,Solapur,Pandharpur,Kasegaon,9.7,Red,Rainfed
F0663,Dattatray Shelke,Kolhapur,Shirol,Kurundwad,10.7,Sandy,Canal
F0664,Hanumant More,Kolhapur,Shirol,Kurundwad,8.5,Red,Sprinkler
F0665,Sachin Gawali,Ahmednagar,Newasa,Sonai,3.2,Laterite,Rainfed
F0666,Ravindra Lokhande,Sangli,Tasgaon,Manjarde,11.2,Alluvial,Borewell
F0667,Tanaji Waghmare,Ahmednagar,Shrirampur,Bhokar,2.8,Black,Drip
F0668,Anil Lokhande,Latur,Ausa,Killari,12.8,Sandy,Well
F0669,Sachin Lokhande,Latur,Renapur,Chapoli,3.2,Alluvial,Well
F0670,Laxman Rathod,Ahmednagar,Newasa,Bhendapur,1.3,Alluvial,Sprinkler
F0671,Nirmala Sathe,Pune,Shirur,Kendur,6.2,Laterite,Flood
F0672,Kishor Ghadge,Nashik,Yeola,Sonewadi,5.1,Black,Drip
F0673,Tanaji Wagh,Latur,Ausa,Chincholi,5.7,Alluvial,Borewell
F0674,Bharat Tambe,Solapur,Barshi,Aadgaon,7.3,Clayey,Borewell
F0675,Chandrakant Salunkhe,Aurangabad,Kannad,Pishor,6.6,Alluvial,Borewell
F0676,Chandrakant Rathod,Solapur,Karmala,Kem,8.8,Clayey,Rainfed
F0677,Dattatray Kale,Sangli,Walwa,Islampur,8.6,Alluvial,Sprinkler
F0678,Shivaji Bhosale,Sangli,Tasgaon,Vaziratmapur,12.2,Red,Sprinkler
F0679,Sangita Chavan,Beed,Ashti,Karanjwan,11.9,Sandy,Borewell
F0680,Dilip Rathod,Nashik,Niphad,Pimpalgaon Baswant,3.6,Sandy,Sprinkler
F0681,Mahesh Dalvi,Sangli,Walwa,Ashta,5.7,Clayey,Well
F0682,Popat Gawali,Pune,Purandar,Saswad,5.6,Laterite,Well
F0683,Shivaji Vanjari,Latur,Chakur,Mangrul,14.7,Sandy,Borewell
F0684,Kiran Mohite,Aurangabad,Kannad,Pishor,6.0,Sandy,Sprinkler
F0685,Yogesh Kadam,Beed,Majalgaon,Neknur,9.7,Clayey,Sprinkler
F0686,Santosh More,Jalgaon,Erandol,Anturli,5.0,Laterite,Borewell
F0687,Vasant Zende,Beed,Parli,Mangrul,13.4,Alluvial,Flood
F0688,Chandrakant Yadav,Nanded,Naigaon,Bharsi,2.9,Alluvial,Drip
F0689,Deepak Nikam,Beed,Majalgaon,Kada,3.6,Loamy,Drip
F0690,Mahesh Deshmukh,Aurangabad,Sillod,Bharadi,0.9,Loamy,Well
F0691,Anil Kale,Solapur,Akkalkot,Bori,1.7,Loamy,Borewell
F0692,Dattatray Nikam,Sangli,Walwa,Ashta,9.6,Red,Well
F0693,Manoj Jadhav,Pune,Daund,Rahu,13.0,Loamy,Flood
F0694,Lata Thorat,Nanded,Naigaon,Bondar,14.6,Laterite,Well
F0695,Kishor Yadav,Latur,Udgir,Hipparga,8.1,Laterite,Well
F0696,Bapu Gawali,Aurangabad,Sillod,Bharadi,12.2,Loamy,Borewell
F0697,Chandrakant Bhoir,Solapur,Barshi,Aadgaon,0.7,Clayey,Flood
F0698,Vikas Gawali,Solapur,Karmala,Kem,10.5,Loamy,Flood
F0699,Nirmala Joshi,Pune,Purandar,Jejuri,9.2,Alluvial,Drip
F0700,Subhash Jagtap,Kolhapur,Gadhinglaj,Nesari,6.2,Red,Rainfed
F0701,Dinesh Wagh,Ahmednagar,Kopargaon,Sangamner Bk,6.6,Red,Well
F0702,Vasant Kulkarni,Beed,Ashti,Karanjwan,6.5,Alluvial,Drip
F0703,Bharat Chavan,Solapur,Pandharpur,Bhandishegaon,7.1,Loamy,Borewell
F0704,Vaishali Jagtap,Satara,Karad,Kale,1.2,Clayey,Drip
F0705,Bharat Kale,Solapur,Mohol,Shetphal,10.9,Laterite,Drip
F0706,Dattatray More,Jalgaon,Chopda,Vadali,3.6,Loamy,Borewell
F0707,Sangita Pardeshi,Aurangabad,Paithan,Vahegaon,1.7,Alluvial,Canal
F0708,Ganesh Thorat,Kolhapur,Karvir,Uchgaon,3.1,Alluvial,Borewell
F0709,Uttam Patil,Nashik,Niphad,Vinchur,11.7,Loamy,Canal
F0710,Vijay Jagtap,Aurangabad,Paithan,Bidkin,7.4,Laterite,Borewell
F0711,Kiran Kadam,Beed,Georai,Talwada,4.2,Laterite,Borewell
F0712,Shivaji Pardeshi,Pune,Indapur,Bhigwan,3.9,Loamy,Borewell
F0713,Suresh Kadam,Solapur,Akkalkot,Bori,6.2,Red,Drip
F0714,Prakash Yadav,Sangli,Khanapur,Vita,5.9,Black,Canal
F0715,Sunil Lokhande,Nashik,Yeola,Sonewadi,14.0,Alluvial,Rainfed
F0716,Ganesh Pawar,Satara,Phaltan,Nirgudi,2.3,Red,Borewell
F0717,Arun Dalvi,Sangli,Tasgaon,Manjarde,10.5,Sandy,Rainfed
F0718,Vikas Suryawanshi,Pune,Purandar,Zendewadi,8.6,Clayey,Rainfed
F0719,Vaishali Jagtap,Latur,Nilanga,Aurad,5.2,Loamy,Borewell
F0720,Sunil Deshmukh,Nanded,Kandhar,Umri,4.8,Sandy,Well
F0721,Chandrakant Ghadge,Pune,Shirur,Chandan Rajuri,11.1,Black,Well
F0722,Chandrakant Aher,Ahmednagar,Kopargaon,Sangamner Bk,10.0,Clayey,Flood
F0723,Dinesh Jagtap,Nanded,Naigaon,Bondar,9.4,Sandy,Sprinkler
F0724,Kiran Gaikwad,Nashik,Yeola,Anwane,1.5,Alluvial,Canal
F0725,Kishor Shinde,Ahmednagar,Rahata,Kolhar,3.3,Black,Well
F0726,Dinesh Lokhande,Nanded,Hadgaon,Chikhali,1.2,Red,Well
F0727,Santosh Patil,Ahmednagar,Sangamner,Ghargaon,7.3,Laterite,Drip
F0728,Chandrakant Tambe,Sangli,Khanapur,Bhalavani,12.0,Black,Flood
F0729,Vasant Ranaware,Pune,Baramati,Undavdi,1.6,Red,Well
F0730,Mahesh Kale,Sangli,Tasgaon,Vaziratmapur,3.2,Clayey,Rainfed
F0731,Bhausaheb Vanjari,Beed,Ambajogai,Manoli,11.3,Alluvial,Rainfed
F0732,Ratan Ghadge,Sangli,Khanapur,Vita,2.9,Red,Well
F0733,Kavita Mohite,Satara,Phaltan,Sasewadi,14.0,Sandy,Well
F0734,Kiran Pardeshi,Kolhapur,Panhala,Bhuye,9.3,Clayey,Well
F0735,Baban Wagh,Nanded,Mudkhed,Malegaon,14.4,Loamy,Sprinkler
F0736,Ramesh Shinde,Solapur,Akkalkot,Bori,8.0,Sandy,Drip
F0737,Shankar Waghmare,Ahmednagar,Kopargaon,Sangamner Bk,11.7,Laterite,Flood
F0738,Laxman Tambe,Nanded,Hadgaon,Tamsa,1.9,Loamy,Borewell
F0739,Pravin Chavan,Solapur,Mohol,Shetphal,3.9,Alluvial,Borewell
F0740,Ashok Vanjari,Kolhapur,Gadhinglaj,Kadgaon,11.1,Laterite,Borewell
F0741,Nirmala Salunkhe,Aurangabad,Sillod,Bharadi,9.1,Sandy,Drip
F0742,Uttam More,Pune,Daund,Rahu,13.3,Loamy,Sprinkler
F0743,Balasaheb Waghmare,Sangli,Jat,Umadi,9.7,Laterite,Sprinkler
F0744,Dilip Joshi,Nanded,Bhokar,Loni,8.3,Red,Borewell
F0745,Jyoti Waghmare,Jalgaon,Chopda,Vadali,14.6,Alluvial,Well
F0746,Jyoti More,Ahmednagar,Sangamner,Nimon,11.9,Red,Canal
F0747,Gajanan More,Aurangabad,Sillod,Bharadi,8.4,Sandy,Drip
F0748,Kavita Mohite,Kolhapur,Hatkanangle,Ichalkaranji,7.5,Red,Sprinkler
F0749,Sunita Vanjari,Ahmednagar,Newasa,Bhendapur,4.0,Sandy,Flood
F0750,Shobha Shelke,Beed,Ashti,Pimpalgaon,2.1,Loamy,Sprinkler
F0751,Chandrakant Gawali,Ahmednagar,Kopargaon,Chas,9.1,Black,Flood
F0752,Bapu Kadam,Satara,Man,Mhaswad,9.5,Loamy,Drip
F0753,Dattatray Jagtap,Beed,Majalgaon,Kada,11.5,Alluvial,Drip
F0754,Rajendra Pawar,Ahmednagar,Newasa,Bhendapur,13.1,Alluvial,Borewell
F0755,Suresh Bansode,Sangli,Miraj,Bedag,7.0,Black,Borewell
F0756,Tanaji Sathe,Ahmednagar,Shrirampur,Bhokar,8.5,Clayey,Rainfed
F0757,Yogesh Jadhav,Kolhapur,Gadhinglaj,Kadgaon,4.2,Black,Borewell
F0758,Shivaji Aher,Solapur,Pandharpur,Kasegaon,10.0,Black,Drip
F0759,Dinesh Thorat,Beed,Majalgaon,Kada,0.8,Alluvial,Rainfed
F0760,Dinesh Waghmare,Kolhapur,Gadhinglaj,Kadgaon,13.6,Loamy,Flood
F0761,Kamal More,Jalgaon,Jamner,Kajgaon,14.5,Clayey,Rainfed
F0762,Amit Shinde,Ahmednagar,Newasa,Sonai,5.3,Loamy,Rainfed
F0763,Sunil Jadhav,Satara,Wai,Kikali,9.6,Red,Well
F0764,Laxman Pawar,Beed,Majalgaon,Neknur,13.4,Alluvial,Drip
F0765,Laxman Waghmare,Jalgaon,Erandol,Chinawal,10.0,Black,Rainfed
F0766,Uttam Ranaware,Beed,Ashti,Pimpalgaon,6.6,Clayey,Canal
F0767,Mangal Joshi,Latur,Renapur,Chapoli,8.4,Red,Rainfed
F0768,Vikas Yadav,Nanded,Kandhar,Fulwal,5.0,Laterite,Well
F0769,Vikas Sable,Jalgaon,Raver,Nimbhora,5.1,Clayey,Well
F0770,Balasaheb Salunkhe,Satara,Phaltan,Nirgudi,11.6,Loamy,Sprinkler
F0771,Shankar Dalvi,Sangli,Walwa,Islampur,11.8,Black,Canal
F0772,Bharat Jadhav,Latur,Chakur,Sindala,9.3,Clayey,Canal
F0773,Dattatray Waghmare,Beed,Georai,Rakshasbhuvan,1.7,Alluvial,Sprinkler
F0774,Vikas Mohite,Latur,Udgir,Hipparga,3.2,Loamy,Sprinkler
F0775,Kalpana Chavan,Jalgaon,Jamner,Waghari,1.0,Alluvial,Drip
F0776,Vasant Bhoir,Ahmednagar,Shrirampur,Belapur,1.5,Loamy,Flood
F0777,Vaishali Shelke,Aurangabad,Gangapur,Vaijapur Road,6.4,Black,Well
F0778,Uttam Shelke,Kolhapur,Gadhinglaj,Kadgaon,8.0,Loamy,Sprinkler
F0779,Prakash Nikam,Nanded,Hadgaon,Chikhali,14.8,Black,Well
F0780,Dinesh Ranaware,Beed,Georai,Talwada,4.7,Loamy,Borewell
F0781,Hanumant Ghadge,Jalgaon,Bhusawal,Varangaon,9.4,Black,Rainfed
F0782,Alka Bhosale,Aurangabad,Kannad,Pishor,11.0,Black,Canal
F0783,Lata Chavan,Kolhapur,Panhala,Bhuye,7.0,Red,Sprinkler
F0784,Shivaji Ghadge,Nashik,Malegaon,Sayane,10.5,Laterite,Flood
F0785,Sunil Gaikwad,Nashik,Sinnar,Dodi Khurd,9.7,Black,Well
F0786,Dinesh Mohite,Latur,Nilanga,Aurad,8.5,Black,Flood
F0787,Manoj Bansode,Latur,Nilanga,Halasi,13.1,Red,Flood
F0788,Dilip Bhoir,Solapur,Mohol,Bhima Nagar,4.7,Red,Drip
F0789,Deepak Jagtap,Pune,Shirur,Kendur,0.7,Loamy,Flood
F0790,Sangita Sathe,Pune,Shirur,Chandan Rajuri,3.9,Clayey,Rainfed
F0791,Kalpana Ghadge,Kolhapur,Panhala,Kodoli,9.2,Black,Canal
F0792,Laxman Aher,Beed,Ashti,Pimpalgaon,1.2,Red,Drip
F0793,Arun Shinde,Jalgaon,Chopda,Chorwad,5.3,Black,Drip
F0794,Nitin Bhoir,Jalgaon,Jamner,Kajgaon,4.6,Laterite,Rainfed
F0795,Kishor Ghadge,Sangli,Jat,Sanond,14.0,Black,Flood
F0796,Shankar Shelke,Satara,Koregaon,Rahimatpur,11.5,Alluvial,Well
F0797,Rahul Kulkarni,Aurangabad,Gangapur,Nandgaon,10.6,Sandy,Borewell
F0798,Shakuntala Bhoir,Nanded,Kandhar,Fulwal,9.4,Black,Well
F0799,Shakuntala More,Aurangabad,Sillod,Amba,6.7,Alluvial,Borewell
F0800,Eknath Ranaware,Latur,Chakur,Sindala,13.9,Clayey,Well
