yield_id,farmer_id,crop_id,harvest_year,total_yield_tons
Y0001,F0001,C0001,2026,2.7
Y0002,F0002,C0002,2026,41.0
Y0003,F0002,C0003,2026,0.3
Y0004,F0003,C0004,2024,10.7
Y0005,F0003,C0005,2026,15.5
Y0006,F0004,C0006,2025,12.6
Y0007,F0004,C0007,2025,133.2
Y0008,F0005,C0008,2025,1.8
Y0009,F0005,C0009,2026,20.2
Y0010,F0005,C0010,2025,3.2
Y0011,F0006,C0011,2026,32.1
Y0012,F0006,C0012,2026,102.5
Y0013,F0007,C0013,2025,6.6
Y0014,F0008,C0014,2027,149.3
Y0015,F0009,C0015,2025,60.9
Y0016,F0010,C0016,2025,8.4
Y0017,F0011,C0017,2024,2.7
Y0018,F0012,C0018,2026,112.2
Y0019,F0013,C0019,2026,13.7
Y0020,F0014,C0020,2024,13.3
Y0021,F0015,C0021,2027,163.2
Y0022,F0015,C0022,2027,746.6
Y0023,F0016,C0023,2027,118.7
Y0024,F0017,C0024,2025,122.5
Y0025,F0017,C0025,2026,260.6
Y0026,F0018,C0026,2025,8.4
Y0027,F0019,C0027,2026,316.5
Y0028,F0019,C0028,2025,11.7
Y0029,F0020,C0029,2027,67.2
Y0030,F0021,C0030,2026,8.5
Y0031,F0021,C0031,2025,413.9
Y0032,F0022,C0032,2027,17.8
Y0033,F0022,C0033,2026,4.4
Y0034,F0023,C0034,2025,41.3
Y0035,F0023,C0035,2025,56.8
Y0036,F0024,C0036,2026,142.1
Y0037,F0024,C0037,2027,558.0
Y0038,F0025,C0038,2025,6.4
Y0039,F0026,C0039,2025,22.3
Y0040,F0027,C0040,2026,0.9
Y0041,F0028,C0041,2026,10.8
Y0042,F0029,C0042,2026,11.9
Y0043,F0030,C0043,2024,142.8
Y0044,F0031,C0044,2026,71.1
Y0045,F0031,C0045,2025,6.0
Y0046,F0032,C0046,2024,1.6
Y0047,F0033,C0047,2025,43.0
Y0048,F0033,C0048,2025,2.4
Y0049,F0034,C0049,2024,6.2
Y0050,F0034,C0050,2027,6.8
Y0051,F0035,C0051,2027,209.5
Y0052,F0035,C0052,2026,92.8
Y0053,F0036,C0053,2026,1.7
Y0054,F0036,C0054,2024,2.2
Y0055,F0036,C0055,2027,89.4
Y0056,F0037,C0056,2025,5.7
Y0057,F0038,C0057,2025,138.1
Y0058,F0039,C0058,2025,78.2
Y0059,F0039,C0059,2026,4.9
Y0060,F0040,C0060,2024,121.4
Y0061,F0040,C0061,2026,198.8
Y0062,F0041,C0062,2026,7.2
Y0063,F0042,C0063,2027,9.3
Y0064,F0042,C0064,2025,2.6
Y0065,F0043,C0065,2025,4.7
Y0066,F0044,C0066,2026,18.5
Y0067,F0045,C0067,2026,105.8
Y0068,F0046,C0068,2024,6.8
Y0069,F0046,C0069,2025,17.0
Y0070,F0047,C0070,2025,9.9
Y0071,F0048,C0071,2025,12.8
Y0072,F0049,C0072,2026,251.2
Y0073,F0049,C0073,2025,17.2
Y0074,F0050,C0074,2025,164.2
Y0075,F0051,C0075,2027,363.8
Y0076,F0051,C0076,2027,407.3
Y0077,F0051,C0077,2025,196.6
Y0078,F0052,C0078,2026,26.8
Y0079,F0052,C0079,2026,12.9
Y0080,F0052,C0080,2026,30.5
Y0081,F0053,C0081,2025,102.4
Y0082,F0054,C0082,2025,15.4
Y0083,F0055,C0083,2026,93.3
Y0084,F0055,C0084,2025,121.1
Y0085,F0056,C0085,2026,156.4
Y0086,F0056,C0086,2027,24.6
Y0087,F0056,C0087,2027,51.4
Y0088,F0057,C0088,2025,162.4
Y0089,F0058,C0089,2026,310.4
Y0090,F0058,C0090,2026,268.0
Y0091,F0059,C0091,2024,6.6
Y0092,F0059,C0092,2025,3.5
Y0093,F0060,C0093,2024,127.0
Y0094,F0061,C0094,2025,8.0
Y0095,F0061,C0095,2024,95.3
Y0096,F0061,C0096,2026,13.4
Y0097,F0062,C0097,2027,6.8
Y0098,F0062,C0098,2026,269.5
Y0099,F0063,C0099,2025,124.4
Y0100,F0064,C0100,2027,7.7
Y0101,F0065,C0101,2025,6.1
Y0102,F0066,C0102,2027,4.8
Y0103,F0066,C0103,2025,6.4
Y0104,F0067,C0104,2026,11.8
Y0105,F0068,C0105,2026,102.0
Y0106,F0068,C0106,2024,6.6
Y0107,F0069,C0107,2024,2.2
Y0108,F0070,C0108,2024,0.8
Y0109,F0070,C0109,2025,1.3
Y0110,F0071,C0110,2025,100.4
Y0111,F0072,C0111,2027,162.6
Y0112,F0073,C0112,2025,43.5
Y0113,F0073,C0113,2025,6.9
Y0114,F0074,C0114,2025,215.2
Y0115,F0074,C0115,2026,2.9
Y0116,F0075,C0116,2025,4.5
Y0117,F0075,C0117,2027,94.7
Y0118,F0076,C0118,2025,2.1
Y0119,F0077,C0119,2026,92.8
Y0120,F0077,C0120,2025,9.2
Y0121,F0078,C0121,2027,191.1
Y0122,F0078,C0122,2026,6.0
Y0123,F0079,C0123,2026,84.8
Y0124,F0079,C0124,2027,25.4
Y0125,F0079,C0125,2026,9.6
Y0126,F0080,C0126,2024,6.0
Y0127,F0081,C0127,2025,19.8
Y0128,F0081,C0128,2025,1.9
Y0129,F0082,C0129,2025,1.6
Y0130,F0082,C0130,2027,17.6
Y0131,F0083,C0131,2027,151.2
Y0132,F0083,C0132,2024,7.6
Y0133,F0084,C0133,2027,76.2
Y0134,F0085,C0134,2025,88.1
Y0135,F0086,C0135,2026,14.5
Y0136,F0087,C0136,2027,127.9
Y0137,F0088,C0137,2027,15.0
Y0138,F0088,C0138,2026,120.0
Y0139,F0088,C0139,2026,25.7
Y0140,F0089,C0140,2024,5.5
Y0141,F0089,C0141,2027,98.6
Y0142,F0090,C0142,2025,15.8
Y0143,F0090,C0143,2025,1.7
Y0144,F0091,C0144,2025,10.3
Y0145,F0092,C0145,2025,44.8
Y0146,F0092,C0146,2024,5.4
Y0147,F0093,C0147,2026,3.9
Y0148,F0093,C0148,2027,66.2
Y0149,F0094,C0149,2024,4.8
Y0150,F0094,C0150,2026,8.3
Y0151,F0095,C0151,2025,19.7
Y0152,F0095,C0152,2027,235.2
Y0153,F0095,C0153,2026,11.6
Y0154,F0096,C0154,2026,104.5
Y0155,F0096,C0155,2026,65.9
Y0156,F0096,C0156,2026,8.8
Y0157,F0097,C0157,2027,23.5
Y0158,F0098,C0158,2027,122.6
Y0159,F0098,C0159,2026,75.4
Y0160,F0098,C0160,2025,49.4
Y0161,F0099,C0161,2025,164.4
Y0162,F0099,C0162,2027,113.1
Y0163,F0100,C0163,2025,172.6
Y0164,F0101,C0164,2026,65.1
Y0165,F0101,C0165,2025,6.6
Y0166,F0101,C0166,2026,143.8
Y0167,F0102,C0167,2025,4.2
Y0168,F0102,C0168,2026,5.9
Y0169,F0103,C0169,2026,3.4
Y0170,F0104,C0170,2027,11.3
Y0171,F0104,C0171,2025,234.2
Y0172,F0105,C0172,2026,11.0
Y0173,F0106,C0173,2025,55.0
Y0174,F0107,C0174,2025,7.2
Y0175,F0107,C0175,2025,299.1
Y0176,F0108,C0176,2025,1.7
Y0177,F0108,C0177,2026,3.0
Y0178,F0109,C0178,2025,573.3
Y0179,F0109,C0179,2027,24.9
Y0180,F0109,C0180,2026,105.8
Y0181,F0110,C0181,2025,5.3
Y0182,F0110,C0182,2027,22.7
Y0183,F0110,C0183,2025,5.3
Y0184,F0111,C0184,2025,29.7
Y0185,F0111,C0185,2026,3.4
Y0186,F0112,C0186,2025,10.2
Y0187,F0113,C0187,2026,7.1
Y0188,F0114,C0188,2026,157.3
Y0189,F0114,C0189,2026,8.3
Y0190,F0114,C0190,2025,46.2
Y0191,F0115,C0191,2024,4.5
Y0192,F0115,C0192,2026,18.5
Y0193,F0115,C0193,2026,107.2
Y0194,F0116,C0194,2025,9.5
Y0195,F0116,C0195,2026,532.8
Y0196,F0117,C0196,2026,69.3
Y0197,F0118,C0197,2026,110.8
Y0198,F0119,C0198,2025,134.0
Y0199,F0119,C0199,2026,60.7
Y0200,F0120,C0200,2025,8.9
Y0201,F0121,C0201,2027,161.1
Y0202,F0122,C0202,2027,176.5
Y0203,F0123,C0203,2024,9.2
Y0204,F0123,C0204,2025,128.2
Y0205,F0124,C0205,2026,1.5
Y0206,F0125,C0206,2027,233.3
Y0207,F0125,C0207,2026,279.7
Y0208,F0126,C0208,2025,28.2
Y0209,F0127,C0209,2025,44.1
Y0210,F0128,C0210,2024,2.7
Y0211,F0129,C0211,2024,2.7
Y0212,F0129,C0212,2026,126.6
Y0213,F0130,C0213,2026,157.1
Y0214,F0131,C0214,2025,13.3
Y0215,F0131,C0215,2026,38.0
Y0216,F0131,C0216,2025,218.0
Y0217,F0132,C0217,2026,293.0
Y0218,F0132,C0218,2026,81.1
Y0219,F0133,C0219,2026,32.9
Y0220,F0133,C0220,2026,244.3
Y0221,F0134,C0221,2026,24.3
Y0222,F0134,C0222,2026,13.7
Y0223,F0135,C0223,2025,147.1
Y0224,F0136,C0224,2026,9.5
Y0225,F0136,C0225,2027,12.4
Y0226,F0136,C0226,2026,4.2
Y0227,F0137,C0227,2026,17.0
Y0228,F0137,C0228,2026,27.4
Y0229,F0138,C0229,2024,74.5
Y0230,F0139,C0230,2025,73.0
Y0231,F0139,C0231,2024,2.6
Y0232,F0139,C0232,2024,5.2
Y0233,F0140,C0233,2027,15.4
Y0234,F0141,C0234,2024,7.2
Y0235,F0142,C0235,2025,304.3
Y0236,F0143,C0236,2025,414.4
Y0237,F0144,C0237,2025,23.0
Y0238,F0145,C0238,2026,59.2
Y0239,F0146,C0239,2026,135.6
Y0240,F0147,C0240,2027,365.9
Y0241,F0147,C0241,2026,31.5
Y0242,F0147,C0242,2025,164.1
Y0243,F0148,C0243,2024,8.8
Y0244,F0148,C0244,2025,458.7
Y0245,F0149,C0245,2024,10.5
Y0246,F0149,C0246,2024,10.6
Y0247,F0149,C0247,2027,144.6
Y0248,F0150,C0248,2025,176.3
Y0249,F0151,C0249,2026,8.1
Y0250,F0152,C0250,2026,76.9
Y0251,F0153,C0251,2027,143.2
Y0252,F0154,C0252,2025,4.5
Y0253,F0155,C0253,2026,0.6
Y0254,F0155,C0254,2026,6.2
Y0255,F0156,C0255,2025,174.7
Y0256,F0156,C0256,2026,70.8
Y0257,F0156,C0257,2025,105.5
Y0258,F0157,C0258,2026,11.6
Y0259,F0157,C0259,2025,37.2
Y0260,F0158,C0260,2024,28.4
Y0261,F0159,C0261,2027,566.9
Y0262,F0159,C0262,2026,494.5
Y0263,F0159,C0263,2026,76.5
Y0264,F0160,C0264,2027,345.8
Y0265,F0160,C0265,2027,17.1
Y0266,F0160,C0266,2026,8.7
Y0267,F0161,C0267,2026,5.7
Y0268,F0161,C0268,2025,37.1
Y0269,F0161,C0269,2024,1.9
Y0270,F0162,C0270,2026,1.3
Y0271,F0162,C0271,2025,2.6
Y0272,F0162,C0272,2027,47.0
Y0273,F0163,C0273,2025,4.1
Y0274,F0163,C0274,2026,2.8
Y0275,F0163,C0275,2025,1.2
Y0276,F0164,C0276,2025,3.2
Y0277,F0164,C0277,2024,4.0
Y0278,F0165,C0278,2024,76.8
Y0279,F0166,C0279,2027,37.2
Y0280,F0167,C0280,2027,234.9
Y0281,F0168,C0281,2025,11.4
Y0282,F0168,C0282,2025,99.0
Y0283,F0168,C0283,2026,12.6
Y0284,F0169,C0284,2027,25.3
Y0285,F0170,C0285,2026,17.9
Y0286,F0171,C0286,2026,5.5
Y0287,F0171,C0287,2027,34.4
Y0288,F0171,C0288,2024,1.7
Y0289,F0172,C0289,2027,94.7
Y0290,F0172,C0290,2026,4.2
Y0291,F0173,C0291,2025,3.0
Y0292,F0174,C0292,2025,10.6
Y0293,F0174,C0293,2024,10.3
Y0294,F0175,C0294,2025,247.1
Y0295,F0175,C0295,2025,71.5
Y0296,F0176,C0296,2026,7.0
Y0297,F0176,C0297,2025,9.8
Y0298,F0177,C0298,2027,34.3
Y0299,F0178,C0299,2025,6.6
Y0300,F0178,C0300,2027,23.7
Y0301,F0179,C0301,2027,103.6
Y0302,F0180,C0302,2025,2.4
Y0303,F0181,C0303,2024,28.2
Y0304,F0182,C0304,2027,14.8
Y0305,F0183,C0305,2025,6.9
Y0306,F0183,C0306,2025,27.4
Y0307,F0184,C0307,2026,0.3
Y0308,F0185,C0308,2024,148.8
Y0309,F0186,C0309,2027,21.3
Y0310,F0187,C0310,2027,46.9
Y0311,F0187,C0311,2027,155.2
Y0312,F0188,C0312,2026,7.9
Y0313,F0188,C0313,2025,12.0
Y0314,F0188,C0314,2026,82.9
Y0315,F0189,C0315,2026,2.3
Y0316,F0190,C0316,2025,12.5
Y0317,F0191,C0317,2026,8.0
Y0318,F0191,C0318,2026,15.0
Y0319,F0192,C0319,2024,277.0
Y0320,F0193,C0320,2025,4.8
Y0321,F0194,C0321,2025,37.3
Y0322,F0195,C0322,2026,8.4
Y0323,F0195,C0323,2024,10.5
Y0324,F0196,C0324,2025,7.2
Y0325,F0196,C0325,2026,5.2
Y0326,F0197,C0326,2025,9.1
Y0327,F0197,C0327,2025,70.5
Y0328,F0198,C0328,2024,12.3
Y0329,F0198,C0329,2024,12.2
Y0330,F0199,C0330,2025,45.8
Y0331,F0199,C0331,2024,6.3
Y0332,F0199,C0332,2025,216.5
Y0333,F0200,C0333,2026,3.1
Y0334,F0201,C0334,2027,240.0
Y0335,F0201,C0335,2027,17.3
Y0336,F0201,C0336,2026,4.7
Y0337,F0202,C0337,2027,11.7
Y0338,F0203,C0338,2026,7.5
Y0339,F0204,C0339,2026,5.0
Y0340,F0205,C0340,2025,116.4
Y0341,F0205,C0341,2026,3.3
Y0342,F0205,C0342,2026,12.8
Y0343,F0206,C0343,2025,226.9
Y0344,F0207,C0344,2027,53.3
Y0345,F0208,C0345,2025,7.3
Y0346,F0208,C0346,2024,91.9
Y0347,F0209,C0347,2026,196.6
Y0348,F0210,C0348,2026,182.3
Y0349,F0211,C0349,2025,3.9
Y0350,F0212,C0350,2024,112.7
Y0351,F0213,C0351,2026,3.1
Y0352,F0214,C0352,2025,19.9
Y0353,F0214,C0353,2025,13.8
Y0354,F0215,C0354,2027,145.5
Y0355,F0216,C0355,2027,12.4
Y0356,F0216,C0356,2025,7.6
Y0357,F0217,C0357,2025,12.7
Y0358,F0217,C0358,2027,13.9
Y0359,F0218,C0359,2026,20.9
Y0360,F0218,C0360,2026,3.4
Y0361,F0218,C0361,2025,7.3
Y0362,F0219,C0362,2024,3.0
Y0363,F0220,C0363,2025,606.1
Y0364,F0221,C0364,2024,13.5
Y0365,F0222,C0365,2027,20.4
Y0366,F0223,C0366,2024,8.4
Y0367,F0223,C0367,2027,59.0
Y0368,F0224,C0368,2027,2.0
Y0369,F0224,C0369,2026,89.7
Y0370,F0225,C0370,2026,9.9
Y0371,F0226,C0371,2026,7.4
Y0372,F0226,C0372,2025,64.4
Y0373,F0226,C0373,2025,16.7
Y0374,F0227,C0374,2026,4.0
Y0375,F0228,C0375,2026,9.1
Y0376,F0228,C0376,2026,119.4
Y0377,F0229,C0377,2024,32.8
Y0378,F0230,C0378,2026,159.1
Y0379,F0231,C0379,2025,169.5
Y0380,F0232,C0380,2025,1.4
Y0381,F0233,C0381,2026,11.0
Y0382,F0233,C0382,2024,9.6
Y0383,F0233,C0383,2027,324.9
Y0384,F0234,C0384,2025,11.3
Y0385,F0235,C0385,2025,96.2
Y0386,F0235,C0386,2026,3.1
Y0387,F0236,C0387,2026,69.9
Y0388,F0236,C0388,2026,106.7
Y0389,F0236,C0389,2026,9.3
Y0390,F0237,C0390,2024,6.9
Y0391,F0238,C0391,2026,32.0
Y0392,F0238,C0392,2026,49.4
Y0393,F0239,C0393,2025,7.0
Y0394,F0239,C0394,2026,81.9
Y0395,F0240,C0395,2026,25.7
Y0396,F0241,C0396,2026,17.4
Y0397,F0241,C0397,2024,4.7
Y0398,F0242,C0398,2025,10.1
Y0399,F0243,C0399,2026,4.4
Y0400,F0244,C0400,2025,82.9
Y0401,F0244,C0401,2026,91.3
Y0402,F0245,C0402,2026,12.3
Y0403,F0245,C0403,2024,9.5
Y0404,F0246,C0404,2026,18.3
Y0405,F0246,C0405,2025,12.5
Y0406,F0247,C0406,2025,56.0
Y0407,F0248,C0407,2027,126.5
Y0408,F0248,C0408,2026,280.8
Y0409,F0249,C0409,2027,77.2
Y0410,F0250,C0410,2025,53.2
Y0411,F0251,C0411,2024,5.4
Y0412,F0251,C0412,2025,3.7
Y0413,F0252,C0413,2025,0.7
Y0414,F0252,C0414,2025,3.4
Y0415,F0253,C0415,2026,6.0
Y0416,F0254,C0416,2027,210.3
Y0417,F0255,C0417,2026,6.6
Y0418,F0256,C0418,2025,21.9
Y0419,F0256,C0419,2027,75.4
Y0420,F0257,C0420,2025,5.8
Y0421,F0258,C0421,2027,47.1
Y0422,F0258,C0422,2024,0.8
Y0423,F0259,C0423,2025,4.8
Y0424,F0259,C0424,2025,79.4
Y0425,F0260,C0425,2024,2.7
Y0426,F0260,C0426,2027,66.2
Y0427,F0261,C0427,2024,143.5
Y0428,F0262,C0428,2025,18.7
Y0429,F0263,C0429,2027,32.7
Y0430,F0264,C0430,2024,2.8
Y0431,F0265,C0431,2025,24.3
Y0432,F0265,C0432,2025,2.8
Y0433,F0266,C0433,2024,0.3
Y0434,F0267,C0434,2026,0.5
Y0435,F0268,C0435,2026,7.1
Y0436,F0268,C0436,2025,71.4
Y0437,F0269,C0437,2025,14.9
Y0438,F0270,C0438,2024,3.4
Y0439,F0270,C0439,2024,214.8
Y0440,F0271,C0440,2026,58.6
Y0441,F0272,C0441,2024,2.7
Y0442,F0272,C0442,2026,3.1
Y0443,F0273,C0443,2025,171.8
Y0444,F0273,C0444,2027,80.4
Y0445,F0273,C0445,2027,20.1
Y0446,F0274,C0446,2026,49.2
Y0447,F0274,C0447,2025,21.8
Y0448,F0275,C0448,2027,386.8
Y0449,F0275,C0449,2026,5.3
Y0450,F0275,C0450,2025,17.7
Y0451,F0276,C0451,2026,5.2
Y0452,F0277,C0452,2024,5.8
Y0453,F0277,C0453,2026,13.8
Y0454,F0277,C0454,2026,74.3
Y0455,F0278,C0455,2024,8.6
Y0456,F0278,C0456,2026,8.3
Y0457,F0278,C0457,2027,124.6
Y0458,F0279,C0458,2027,14.9
Y0459,F0280,C0459,2027,15.1
Y0460,F0281,C0460,2025,400.7
Y0461,F0281,C0461,2025,12.5
Y0462,F0282,C0462,2026,238.0
Y0463,F0283,C0463,2025,5.1
Y0464,F0283,C0464,2024,2.6
Y0465,F0283,C0465,2026,4.0
Y0466,F0284,C0466,2026,10.1
Y0467,F0285,C0467,2027,3.8
Y0468,F0285,C0468,2026,1.4
Y0469,F0285,C0469,2027,20.4
Y0470,F0286,C0470,2026,8.4
Y0471,F0287,C0471,2026,22.8
Y0472,F0287,C0472,2025,3.2
Y0473,F0288,C0473,2027,20.8
Y0474,F0289,C0474,2026,11.0
Y0475,F0290,C0475,2026,9.8
Y0476,F0291,C0476,2027,11.3
Y0477,F0292,C0477,2027,16.1
Y0478,F0292,C0478,2025,11.0
Y0479,F0293,C0479,2025,11.1
Y0480,F0294,C0480,2025,7.4
Y0481,F0295,C0481,2026,113.5
Y0482,F0295,C0482,2025,301.1
Y0483,F0296,C0483,2026,39.7
Y0484,F0296,C0484,2026,5.6
Y0485,F0297,C0485,2026,3.5
Y0486,F0297,C0486,2026,101.4
Y0487,F0298,C0487,2027,9.1
Y0488,F0298,C0488,2026,8.1
Y0489,F0299,C0489,2027,514.3
Y0490,F0300,C0490,2025,6.3
Y0491,F0300,C0491,2027,83.9
Y0492,F0300,C0492,2027,3.3
Y0493,F0301,C0493,2024,37.1
Y0494,F0302,C0494,2026,79.6
Y0495,F0303,C0495,2025,50.3
Y0496,F0304,C0496,2024,102.8
Y0497,F0305,C0497,2026,141.2
Y0498,F0305,C0498,2026,3.5
Y0499,F0305,C0499,2026,38.5
Y0500,F0306,C0500,2024,28.1
Y0501,F0306,C0501,2026,14.5
Y0502,F0307,C0502,2025,44.1
Y0503,F0308,C0503,2024,185.3
Y0504,F0308,C0504,2026,5.6
Y0505,F0309,C0505,2024,6.5
Y0506,F0310,C0506,2026,7.3
Y0507,F0310,C0507,2024,4.3
Y0508,F0311,C0508,2024,100.4
Y0509,F0312,C0509,2026,144.2
Y0510,F0312,C0510,2024,12.6
Y0511,F0313,C0511,2025,115.3
Y0512,F0314,C0512,2025,2.9
Y0513,F0315,C0513,2025,8.3
Y0514,F0315,C0514,2025,228.5
Y0515,F0316,C0515,2025,1.7
Y0516,F0316,C0516,2027,171.8
Y0517,F0317,C0517,2024,15.5
Y0518,F0317,C0518,2025,15.2
Y0519,F0317,C0519,2026,15.3
Y0520,F0318,C0520,2026,8.4
Y0521,F0319,C0521,2026,83.7
Y0522,F0320,C0522,2025,9.1
Y0523,F0321,C0523,2027,44.9
Y0524,F0322,C0524,2026,18.3
Y0525,F0323,C0525,2027,19.9
Y0526,F0324,C0526,2027,3.7
Y0527,F0325,C0527,2025,5.2
Y0528,F0325,C0528,2026,63.5
Y0529,F0326,C0529,2024,8.3
Y0530,F0327,C0530,2025,10.7
Y0531,F0327,C0531,2024,7.2
Y0532,F0328,C0532,2027,146.7
Y0533,F0329,C0533,2027,80.0
Y0534,F0329,C0534,2027,104.5
Y0535,F0330,C0535,2024,195.4
Y0536,F0331,C0536,2027,113.7
Y0537,F0331,C0537,2027,184.3
Y0538,F0332,C0538,2026,4.1
Y0539,F0332,C0539,2025,180.1
Y0540,F0332,C0540,2024,5.2
Y0541,F0333,C0541,2027,15.5
Y0542,F0334,C0542,2024,0.3
Y0543,F0334,C0543,2025,1.4
Y0544,F0334,C0544,2025,6.3
Y0545,F0335,C0545,2027,88.5
Y0546,F0336,C0546,2026,101.4
Y0547,F0337,C0547,2024,2.5
Y0548,F0338,C0548,2025,9.5
Y0549,F0338,C0549,2026,74.0
Y0550,F0339,C0550,2027,14.2
Y0551,F0339,C0551,2026,14.3
Y0552,F0339,C0552,2026,0.9
Y0553,F0340,C0553,2026,20.8
Y0554,F0340,C0554,2026,4.5
Y0555,F0341,C0555,2026,4.4
Y0556,F0342,C0556,2025,3.8
Y0557,F0342,C0557,2026,63.9
Y0558,F0343,C0558,2026,8.5
Y0559,F0343,C0559,2026,44.6
Y0560,F0344,C0560,2024,2.6
Y0561,F0345,C0561,2024,151.7
Y0562,F0345,C0562,2026,159.8
Y0563,F0345,C0563,2025,406.5
Y0564,F0346,C0564,2026,7.4
Y0565,F0346,C0565,2024,7.7
Y0566,F0347,C0566,2024,7.8
Y0567,F0348,C0567,2027,78.6
Y0568,F0348,C0568,2024,5.6
Y0569,F0349,C0569,2025,122.3
Y0570,F0349,C0570,2025,104.4
Y0571,F0350,C0571,2025,5.1
Y0572,F0350,C0572,2024,200.8
Y0573,F0351,C0573,2026,322.2
Y0574,F0352,C0574,2026,2.9
Y0575,F0353,C0575,2026,108.7
Y0576,F0353,C0576,2026,8.0
Y0577,F0354,C0577,2025,38.3
Y0578,F0355,C0578,2026,30.6
Y0579,F0355,C0579,2024,1.7
Y0580,F0356,C0580,2025,36.9
Y0581,F0357,C0581,2025,1.7
Y0582,F0357,C0582,2026,15.9
Y0583,F0357,C0583,2024,0.7
Y0584,F0358,C0584,2025,3.0
Y0585,F0358,C0585,2025,20.2
Y0586,F0358,C0586,2025,21.5
Y0587,F0359,C0587,2025,11.4
Y0588,F0360,C0588,2027,26.5
Y0589,F0360,C0589,2026,13.0
Y0590,F0360,C0590,2026,154.6
Y0591,F0361,C0591,2026,29.6
Y0592,F0361,C0592,2026,6.1
Y0593,F0361,C0593,2025,95.6
Y0594,F0362,C0594,2025,5.9
Y0595,F0363,C0595,2027,12.8
Y0596,F0364,C0596,2024,0.4
Y0597,F0364,C0597,2027,11.2
Y0598,F0365,C0598,2027,6.3
Y0599,F0366,C0599,2027,251.4
Y0600,F0366,C0600,2025,66.2
Y0601,F0367,C0601,2024,3.8
Y0602,F0367,C0602,2025,24.4
Y0603,F0368,C0603,2025,316.3
Y0604,F0368,C0604,2026,6.2
Y0605,F0369,C0605,2027,495.1
Y0606,F0370,C0606,2026,9.1
Y0607,F0371,C0607,2025,9.3
Y0608,F0371,C0608,2025,160.9
Y0609,F0372,C0609,2024,11.4
Y0610,F0373,C0610,2024,131.4
Y0611,F0374,C0611,2027,68.1
Y0612,F0375,C0612,2024,1.9
Y0613,F0375,C0613,2026,17.4
Y0614,F0376,C0614,2027,78.0
Y0615,F0376,C0615,2027,277.2
Y0616,F0377,C0616,2025,1.2
Y0617,F0378,C0617,2027,224.7
Y0618,F0379,C0618,2027,11.3
Y0619,F0379,C0619,2025,104.7
Y0620,F0379,C0620,2026,59.0
Y0621,F0380,C0621,2025,100.7
Y0622,F0381,C0622,2024,3.5
Y0623,F0382,C0623,2025,5.5
Y0624,F0383,C0624,2024,4.4
Y0625,F0384,C0625,2026,75.3
Y0626,F0385,C0626,2026,2.5
Y0627,F0386,C0627,2025,6.8
Y0628,F0386,C0628,2027,74.3
Y0629,F0387,C0629,2026,12.4
Y0630,F0387,C0630,2026,7.4
Y0631,F0388,C0631,2025,6.5
Y0632,F0389,C0632,2026,110.7
Y0633,F0390,C0633,2024,1.6
Y0634,F0390,C0634,2026,3.5
Y0635,F0390,C0635,2027,74.4
Y0636,F0391,C0636,2027,219.4
Y0637,F0392,C0637,2026,137.8
Y0638,F0392,C0638,2025,237.6
Y0639,F0392,C0639,2025,8.8
Y0640,F0393,C0640,2024,6.6
Y0641,F0394,C0641,2025,22.5
Y0642,F0395,C0642,2026,45.0
Y0643,F0395,C0643,2027,2.6
Y0644,F0395,C0644,2025,58.8
Y0645,F0396,C0645,2027,131.1
Y0646,F0396,C0646,2026,27.0
Y0647,F0397,C0647,2025,8.9
Y0648,F0397,C0648,2026,3.4
Y0649,F0397,C0649,2026,163.2
Y0650,F0398,C0650,2026,149.1
Y0651,F0398,C0651,2025,92.6
Y0652,F0398,C0652,2024,33.4
Y0653,F0399,C0653,2026,413.8
Y0654,F0399,C0654,2025,18.0
Y0655,F0400,C0655,2026,5.4
Y0656,F0400,C0656,2025,62.6
Y0657,F0401,C0657,2026,79.7
Y0658,F0402,C0658,2025,4.8
Y0659,F0402,C0659,2027,44.8
Y0660,F0402,C0660,2026,3.6
Y0661,F0403,C0661,2025,71.9
Y0662,F0404,C0662,2026,101.5
Y0663,F0404,C0663,2025,25.7
Y0664,F0405,C0664,2024,5.9
Y0665,F0405,C0665,2027,136.9
Y0666,F0406,C0666,2026,483.8
Y0667,F0406,C0667,2026,25.6
Y0668,F0407,C0668,2024,109.5
Y0669,F0408,C0669,2026,1.6
Y0670,F0409,C0670,2027,148.2
Y0671,F0409,C0671,2026,14.4
Y0672,F0409,C0672,2026,3.1
Y0673,F0410,C0673,2024,173.1
Y0674,F0411,C0674,2024,7.8
Y0675,F0411,C0675,2024,7.6
Y0676,F0412,C0676,2025,34.5
Y0677,F0413,C0677,2027,17.6
Y0678,F0414,C0678,2027,1.4
Y0679,F0415,C0679,2024,3.5
Y0680,F0416,C0680,2026,7.1
Y0681,F0416,C0681,2026,0.6
Y0682,F0417,C0682,2024,13.7
Y0683,F0418,C0683,2025,15.4
Y0684,F0418,C0684,2026,441.0
Y0685,F0419,C0685,2025,5.0
Y0686,F0420,C0686,2025,10.5
Y0687,F0421,C0687,2025,77.8
Y0688,F0421,C0688,2025,130.2
Y0689,F0421,C0689,2025,13.1
Y0690,F0422,C0690,2026,2.2
Y0691,F0423,C0691,2025,30.5
Y0692,F0424,C0692,2027,108.8
Y0693,F0424,C0693,2024,61.1
Y0694,F0425,C0694,2025,19.4
Y0695,F0426,C0695,2027,117.0
Y0696,F0427,C0696,2025,1.7
Y0697,F0427,C0697,2024,1.9
Y0698,F0428,C0698,2026,6.3
Y0699,F0429,C0699,2025,7.2
Y0700,F0430,C0700,2027,101.4
Y0701,F0431,C0701,2025,0.7
Y0702,F0432,C0702,2025,62.7
Y0703,F0432,C0703,2027,9.9
Y0704,F0432,C0704,2026,57.0
Y0705,F0433,C0705,2025,5.5
Y0706,F0434,C0706,2027,24.1
Y0707,F0435,C0707,2027,201.4
Y0708,F0435,C0708,2026,43.4
Y0709,F0436,C0709,2026,51.4
Y0710,F0436,C0710,2026,6.7
Y0711,F0437,C0711,2026,376.7
Y0712,F0438,C0712,2026,9.2
Y0713,F0439,C0713,2027,87.3
Y0714,F0439,C0714,2026,42.7
Y0715,F0440,C0715,2026,14.6
Y0716,F0441,C0716,2025,2.8
Y0717,F0442,C0717,2025,5.0
Y0718,F0442,C0718,2024,70.9
Y0719,F0443,C0719,2027,22.7
Y0720,F0443,C0720,2026,13.0
Y0721,F0443,C0721,2027,128.2
Y0722,F0444,C0722,2026,0.5
Y0723,F0444,C0723,2026,2.1
Y0724,F0444,C0724,2026,0.5
Y0725,F0445,C0725,2025,34.8
Y0726,F0445,C0726,2025,4.3
Y0727,F0446,C0727,2026,20.6
Y0728,F0447,C0728,2024,50.7
Y0729,F0448,C0729,2026,4.2
Y0730,F0449,C0730,2025,46.8
Y0731,F0450,C0731,2026,95.0
Y0732,F0450,C0732,2027,7.3
Y0733,F0450,C0733,2025,240.0
Y0734,F0451,C0734,2027,58.6
Y0735,F0451,C0735,2025,40.0
Y0736,F0451,C0736,2024,3.5
Y0737,F0452,C0737,2025,26.7
Y0738,F0453,C0738,2025,49.1
Y0739,F0454,C0739,2027,295.1
Y0740,F0454,C0740,2026,14.2
Y0741,F0455,C0741,2026,2.4
Y0742,F0455,C0742,2025,1.3
Y0743,F0455,C0743,2025,4.4
Y0744,F0456,C0744,2027,9.1
Y0745,F0457,C0745,2026,201.1
Y0746,F0458,C0746,2026,36.1
Y0747,F0458,C0747,2025,7.7
Y0748,F0459,C0748,2025,5.8
Y0749,F0459,C0749,2027,98.0
Y0750,F0460,C0750,2027,18.1
Y0751,F0461,C0751,2026,13.2
Y0752,F0462,C0752,2027,7.1
Y0753,F0462,C0753,2026,72.8
Y0754,F0463,C0754,2026,14.4
Y0755,F0464,C0755,2025,1.5
Y0756,F0464,C0756,2025,1.6
Y0757,F0465,C0757,2027,21.2
Y0758,F0465,C0758,2027,15.2
Y0759,F0466,C0759,2025,7.7
Y0760,F0466,C0760,2027,52.6
Y0761,F0467,C0761,2027,68.9
Y0762,F0468,C0762,2026,72.3
Y0763,F0469,C0763,2025,8.0
Y0764,F0470,C0764,2026,55.9
Y0765,F0471,C0765,2026,2.7
Y0766,F0471,C0766,2025,40.9
Y0767,F0471,C0767,2027,185.1
Y0768,F0472,C0768,2027,43.4
Y0769,F0472,C0769,2026,1.6
Y0770,F0473,C0770,2025,207.3
Y0771,F0473,C0771,2025,5.6
Y0772,F0474,C0772,2027,631.2
Y0773,F0475,C0773,2025,2.6
Y0774,F0476,C0774,2025,2.5
Y0775,F0476,C0775,2026,66.0
Y0776,F0477,C0776,2027,8.5
Y0777,F0478,C0777,2027,2.6
Y0778,F0479,C0778,2027,30.2
Y0779,F0479,C0779,2024,115.1
Y0780,F0479,C0780,2026,6.2
Y0781,F0480,C0781,2026,20.2
Y0782,F0480,C0782,2027,232.4
Y0783,F0481,C0783,2026,10.7
Y0784,F0481,C0784,2026,226.6
Y0785,F0481,C0785,2026,22.7
Y0786,F0482,C0786,2026,3.1
Y0787,F0483,C0787,2025,14.1
Y0788,F0483,C0788,2027,51.2
Y0789,F0484,C0789,2025,27.2
Y0790,F0484,C0790,2024,1.4
Y0791,F0485,C0791,2026,2.1
Y0792,F0486,C0792,2024,9.4
Y0793,F0486,C0793,2025,46.9
Y0794,F0487,C0794,2026,15.6
Y0795,F0488,C0795,2025,53.0
Y0796,F0489,C0796,2025,8.9
Y0797,F0489,C0797,2027,4.6
Y0798,F0489,C0798,2025,1.6
Y0799,F0490,C0799,2026,114.5
Y0800,F0491,C0800,2026,29.8
Y0801,F0491,C0801,2026,7.3
Y0802,F0492,C0802,2026,6.7
Y0803,F0492,C0803,2025,7.0
Y0804,F0492,C0804,2025,25.0
Y0805,F0493,C0805,2026,27.2
Y0806,F0494,C0806,2025,2.1
Y0807,F0494,C0807,2027,15.4
Y0808,F0495,C0808,2025,2.8
Y0809,F0496,C0809,2026,9.8
Y0810,F0496,C0810,2026,0.8
Y0811,F0497,C0811,2025,57.9
Y0812,F0497,C0812,2026,3.4
Y0813,F0497,C0813,2025,66.7
Y0814,F0498,C0814,2027,30.5
Y0815,F0499,C0815,2026,42.8
Y0816,F0500,C0816,2025,110.9
Y0817,F0501,C0817,2025,1.2
Y0818,F0502,C0818,2025,8.8
Y0819,F0502,C0819,2027,9.8
Y0820,F0503,C0820,2027,689.8
Y0821,F0503,C0821,2025,123.4
Y0822,F0503,C0822,2026,163.1
Y0823,F0504,C0823,2025,25.6
Y0824,F0504,C0824,2026,102.7
Y0825,F0505,C0825,2024,5.2
Y0826,F0506,C0826,2025,9.2
Y0827,F0506,C0827,2026,10.2
Y0828,F0507,C0828,2025,76.0
Y0829,F0508,C0829,2027,6.4
Y0830,F0509,C0830,2027,7.5
Y0831,F0509,C0831,2026,6.0
Y0832,F0510,C0832,2026,37.0
Y0833,F0511,C0833,2024,3.2
Y0834,F0512,C0834,2027,203.1
Y0835,F0512,C0835,2025,10.5
Y0836,F0513,C0836,2024,9.7
Y0837,F0514,C0837,2026,126.3
Y0838,F0514,C0838,2025,57.0
Y0839,F0514,C0839,2025,229.0
Y0840,F0515,C0840,2024,4.9
Y0841,F0516,C0841,2026,1.2
Y0842,F0517,C0842,2025,7.5
Y0843,F0517,C0843,2027,30.9
Y0844,F0517,C0844,2025,10.9
Y0845,F0518,C0845,2025,2.4
Y0846,F0518,C0846,2024,3.2
Y0847,F0519,C0847,2026,56.7
Y0848,F0519,C0848,2024,4.4
Y0849,F0520,C0849,2025,8.7
Y0850,F0520,C0850,2025,166.6
Y0851,F0520,C0851,2027,78.7
Y0852,F0521,C0852,2027,84.6
Y0853,F0521,C0853,2026,51.4
Y0854,F0522,C0854,2027,61.8
Y0855,F0523,C0855,2027,554.0
Y0856,F0524,C0856,2024,52.0
Y0857,F0525,C0857,2026,100.3
Y0858,F0525,C0858,2025,53.6
Y0859,F0525,C0859,2024,22.3
Y0860,F0526,C0860,2025,64.8
Y0861,F0526,C0861,2027,167.7
Y0862,F0527,C0862,2027,11.5
Y0863,F0528,C0863,2026,1.6
Y0864,F0529,C0864,2027,7.2
Y0865,F0530,C0865,2025,8.1
Y0866,F0531,C0866,2025,5.0
Y0867,F0532,C0867,2027,18.3
Y0868,F0532,C0868,2026,12.1
Y0869,F0532,C0869,2025,214.4
Y0870,F0533,C0870,2026,2.0
Y0871,F0534,C0871,2026,4.0
Y0872,F0534,C0872,2027,66.7
Y0873,F0535,C0873,2026,194.9
Y0874,F0536,C0874,2026,106.5
Y0875,F0536,C0875,2026,101.8
Y0876,F0536,C0876,2025,36.9
Y0877,F0537,C0877,2025,337.1
Y0878,F0537,C0878,2026,3.2
Y0879,F0538,C0879,2026,6.7
Y0880,F0539,C0880,2025,3.2
Y0881,F0539,C0881,2026,99.7
Y0882,F0539,C0882,2025,31.7
Y0883,F0540,C0883,2027,255.7
Y0884,F0540,C0884,2024,1.4
Y0885,F0540,C0885,2024,118.6
Y0886,F0541,C0886,2025,9.2
Y0887,F0542,C0887,2027,375.7
Y0888,F0543,C0888,2027,32.6
Y0889,F0544,C0889,2026,230.4
Y0890,F0544,C0890,2027,15.7
Y0891,F0545,C0891,2024,8.0
Y0892,F0546,C0892,2026,117.8
Y0893,F0546,C0893,2024,10.7
Y0894,F0547,C0894,2027,17.7
Y0895,F0547,C0895,2026,68.6
Y0896,F0548,C0896,2025,36.4
Y0897,F0548,C0897,2025,0.5
Y0898,F0549,C0898,2026,81.9
Y0899,F0549,C0899,2025,49.2
Y0900,F0549,C0900,2024,7.4
Y0901,F0550,C0901,2025,3.5
Y0902,F0550,C0902,2025,8.2
Y0903,F0551,C0903,2025,10.4
Y0904,F0551,C0904,2026,1.6
Y0905,F0552,C0905,2026,58.2
Y0906,F0552,C0906,2027,140.0
Y0907,F0553,C0907,2025,18.6
Y0908,F0554,C0908,2026,44.8
Y0909,F0555,C0909,2024,74.7
Y0910,F0555,C0910,2027,64.7
Y0911,F0556,C0911,2027,15.2
Y0912,F0556,C0912,2024,228.0
Y0913,F0557,C0913,2026,7.2
Y0914,F0557,C0914,2024,5.8
Y0915,F0558,C0915,2027,180.2
Y0916,F0559,C0916,2026,7.2
Y0917,F0559,C0917,2026,127.5
Y0918,F0560,C0918,2024,9.3
Y0919,F0561,C0919,2026,11.5
Y0920,F0562,C0920,2026,6.6
Y0921,F0563,C0921,2025,3.6
Y0922,F0564,C0922,2026,4.8
Y0923,F0564,C0923,2025,131.8
Y0924,F0564,C0924,2024,5.6
Y0925,F0565,C0925,2026,12.3
Y0926,F0565,C0926,2024,8.8
Y0927,F0565,C0927,2027,144.2
Y0928,F0566,C0928,2026,1.3
Y0929,F0566,C0929,2026,22.8
Y0930,F0567,C0930,2024,196.7
Y0931,F0567,C0931,2025,91.8
Y0932,F0568,C0932,2025,99.5
Y0933,F0569,C0933,2025,69.1
Y0934,F0570,C0934,2026,167.0
Y0935,F0570,C0935,2026,72.5
Y0936,F0571,C0936,2026,9.3
Y0937,F0572,C0937,2025,269.4
Y0938,F0573,C0938,2024,5.1
Y0939,F0573,C0939,2024,3.4
Y0940,F0573,C0940,2026,42.4
Y0941,F0574,C0941,2025,10.8
Y0942,F0575,C0942,2027,29.1
Y0943,F0575,C0943,2026,130.0
Y0944,F0576,C0944,2025,2.3
Y0945,F0577,C0945,2026,14.5
Y0946,F0578,C0946,2026,172.3
Y0947,F0579,C0947,2026,25.8
Y0948,F0579,C0948,2026,1.4
Y0949,F0580,C0949,2025,1.4
Y0950,F0580,C0950,2026,38.0
Y0951,F0580,C0951,2027,96.3
Y0952,F0581,C0952,2025,189.0
Y0953,F0582,C0953,2027,244.4
Y0954,F0583,C0954,2025,0.2
Y0955,F0584,C0955,2026,9.0
Y0956,F0584,C0956,2025,92.4
Y0957,F0584,C0957,2027,390.1
Y0958,F0585,C0958,2026,419.1
Y0959,F0586,C0959,2024,5.8
Y0960,F0587,C0960,2027,1.1
Y0961,F0588,C0961,2026,11.9
Y0962,F0589,C0962,2025,50.3
Y0963,F0589,C0963,2025,6.6
Y0964,F0589,C0964,2026,8.9
Y0965,F0590,C0965,2025,16.1
Y0966,F0591,C0966,2026,12.6
Y0967,F0591,C0967,2024,295.2
Y0968,F0591,C0968,2024,9.8
Y0969,F0592,C0969,2025,11.2
Y0970,F0593,C0970,2025,91.8
Y0971,F0594,C0971,2025,29.1
Y0972,F0594,C0972,2025,16.2
Y0973,F0594,C0973,2025,115.6
Y0974,F0595,C0974,2025,1.5
Y0975,F0595,C0975,2024,0.6
Y0976,F0595,C0976,2026,1.0
Y0977,F0596,C0977,2027,210.4
Y0978,F0596,C0978,2027,12.3
Y0979,F0597,C0979,2024,5.2
Y0980,F0598,C0980,2024,149.6
Y0981,F0599,C0981,2024,12.8
Y0982,F0600,C0982,2024,223.2
Y0983,F0601,C0983,2024,2.3
Y0984,F0601,C0984,2027,253.0
Y0985,F0602,C0985,2027,74.6
Y0986,F0602,C0986,2025,357.3
Y0987,F0603,C0987,2026,4.0
Y0988,F0603,C0988,2026,52.4
Y0989,F0604,C0989,2026,1.3
Y0990,F0604,C0990,2024,26.4
Y0991,F0604,C0991,2025,3.8
Y0992,F0605,C0992,2025,6.1
Y0993,F0606,C0993,2024,1.4
Y0994,F0606,C0994,2025,88.8
Y0995,F0606,C0995,2024,1.6
Y0996,F0607,C0996,2027,76.3
Y0997,F0608,C0997,2025,17.8
Y0998,F0609,C0998,2025,65.9
Y0999,F0609,C0999,2027,209.2
Y1000,F0609,C1000,2026,116.2
Y1001,F0610,C1001,2026,1.3
Y1002,F0610,C1002,2025,2.0
Y1003,F0611,C1003,2025,2.8
Y1004,F0612,C1004,2024,98.3
Y1005,F0613,C1005,2027,10.0
Y1006,F0614,C1006,2026,5.0
Y1007,F0614,C1007,2026,11.9
Y1008,F0615,C1008,2025,111.8
Y1009,F0615,C1009,2025,7.2
Y1010,F0616,C1010,2027,126.1
Y1011,F0616,C1011,2026,572.7
Y1012,F0617,C1012,2026,7.7
Y1013,F0618,C1013,2025,16.8
Y1014,F0619,C1014,2025,3.2
Y1015,F0619,C1015,2027,85.6
Y1016,F0619,C1016,2026,244.8
Y1017,F0620,C1017,2025,14.4
Y1018,F0620,C1018,2024,57.8
Y1019,F0621,C1019,2024,7.4
Y1020,F0622,C1020,2025,185.6
Y1021,F0623,C1021,2026,2.2
Y1022,F0624,C1022,2026,13.7
Y1023,F0625,C1023,2024,5.7
Y1024,F0625,C1024,2025,4.4
Y1025,F0626,C1025,2026,17.9
Y1026,F0627,C1026,2025,5.8
Y1027,F0627,C1027,2024,3.2
Y1028,F0627,C1028,2025,11.7
Y1029,F0628,C1029,2025,2.5
Y1030,F0628,C1030,2025,3.0
Y1031,F0629,C1031,2026,80.7
Y1032,F0629,C1032,2026,79.2
Y1033,F0630,C1033,2025,2.7
Y1034,F0630,C1034,2025,6.7
Y1035,F0631,C1035,2025,6.7
Y1036,F0632,C1036,2027,88.8
Y1037,F0632,C1037,2026,36.2
Y1038,F0633,C1038,2027,563.2
Y1039,F0633,C1039,2026,15.4
Y1040,F0633,C1040,2026,8.6
Y1041,F0634,C1041,2024,7.8
Y1042,F0635,C1042,2025,2.3
Y1043,F0636,C1043,2026,232.4
Y1044,F0637,C1044,2027,94.6
Y1045,F0638,C1045,2024,33.2
Y1046,F0638,C1046,2025,111.5
Y1047,F0639,C1047,2026,73.7
Y1048,F0640,C1048,2026,9.1
Y1049,F0641,C1049,2026,68.2
Y1050,F0641,C1050,2025,147.1
Y1051,F0642,C1051,2026,3.3
Y1052,F0642,C1052,2024,3.1
Y1053,F0643,C1053,2024,1.2
Y1054,F0643,C1054,2025,61.5
Y1055,F0643,C1055,2026,7.5
Y1056,F0644,C1056,2026,152.3
Y1057,F0644,C1057,2024,102.1
Y1058,F0645,C1058,2026,14.6
Y1059,F0645,C1059,2025,5.1
Y1060,F0646,C1060,2024,3.5
Y1061,F0646,C1061,2025,34.3
Y1062,F0647,C1062,2025,142.1
Y1063,F0648,C1063,2024,14.3
Y1064,F0649,C1064,2026,17.6
Y1065,F0649,C1065,2027,2.5
Y1066,F0650,C1066,2027,7.6
Y1067,F0651,C1067,2027,98.7
Y1068,F0651,C1068,2026,9.5
Y1069,F0652,C1069,2026,28.6
Y1070,F0652,C1070,2025,98.8
Y1071,F0652,C1071,2025,7.5
Y1072,F0653,C1072,2026,8.7
Y1073,F0653,C1073,2026,70.6
Y1074,F0654,C1074,2025,8.8
Y1075,F0654,C1075,2026,26.6
Y1076,F0655,C1076,2026,40.4
Y1077,F0656,C1077,2025,6.9
Y1078,F0657,C1078,2026,3.8
Y1079,F0658,C1079,2026,5.7
Y1080,F0659,C1080,2025,119.8
Y1081,F0660,C1081,2026,176.9
Y1082,F0660,C1082,2026,87.8
Y1083,F0661,C1083,2025,23.4
Y1084,F0662,C1084,2026,74.0
Y1085,F0662,C1085,2025,181.3
Y1086,F0662,C1086,2024,8.5
Y1087,F0663,C1087,2026,435.8
Y1088,F0663,C1088,2026,76.1
Y1089,F0664,C1089,2024,2.9
Y1090,F0664,C1090,2027,5.6
Y1091,F0665,C1091,2024,6.6
Y1092,F0666,C1092,2025,97.8
Y1093,F0666,C1093,2025,10.8
Y1094,F0667,C1094,2025,74.7
Y1095,F0668,C1095,2026,95.4
Y1096,F0669,C1096,2026,54.8
Y1097,F0669,C1097,2027,8.4
Y1098,F0669,C1098,2026,3.9
Y1099,F0670,C1099,2026,14.6
Y1100,F0671,C1100,2024,69.0
Y1101,F0671,C1101,2026,8.5
Y1102,F0672,C1102,2024,5.8
Y1103,F0672,C1103,2025,83.9
Y1104,F0672,C1104,2027,31.4
Y1105,F0673,C1105,2026,57.0
Y1106,F0673,C1106,2026,8.1
Y1107,F0674,C1107,2027,288.7
Y1108,F0674,C1108,2027,46.2
Y1109,F0675,C1109,2025,198.7
Y1110,F0675,C1110,2025,14.4
Y1111,F0676,C1111,2025,139.0
Y1112,F0677,C1112,2026,7.4
Y1113,F0678,C1113,2024,23.6
Y1114,F0678,C1114,2025,10.4
Y1115,F0678,C1115,2026,178.9
Y1116,F0679,C1116,2027,163.7
Y1117,F0680,C1117,2025,4.2
Y1118,F0680,C1118,2024,2.8
Y1119,F0680,C1119,2024,4.7
Y1120,F0681,C1120,2025,66.2
Y1121,F0681,C1121,2025,335.9
Y1122,F0682,C1122,2024,2.9
Y1123,F0682,C1123,2026,178.4
Y1124,F0683,C1124,2026,15.1
Y1125,F0683,C1125,2027,30.9
Y1126,F0684,C1126,2024,8.2
Y1127,F0685,C1127,2025,77.2
Y1128,F0686,C1128,2026,47.5
Y1129,F0686,C1129,2025,3.4
Y1130,F0686,C1130,2026,58.4
Y1131,F0687,C1131,2026,16.1
Y1132,F0687,C1132,2026,12.1
Y1133,F0687,C1133,2025,165.0
Y1134,F0688,C1134,2024,15.6
Y1135,F0689,C1135,2024,3.0
Y1136,F0690,C1136,2025,5.0
Y1137,F0691,C1137,2027,4.6
Y1138,F0692,C1138,2025,4.7
Y1139,F0693,C1139,2026,13.9
Y1140,F0694,C1140,2026,106.3
Y1141,F0695,C1141,2026,114.7
Y1142,F0696,C1142,2025,80.7
Y1143,F0696,C1143,2026,12.1
Y1144,F0697,C1144,2026,4.7
Y1145,F0697,C1145,2024,12.8
Y1146,F0697,C1146,2026,29.8
Y1147,F0698,C1147,2026,6.6
Y1148,F0699,C1148,2024,7.3
Y1149,F0700,C1149,2025,72.7
Y1150,F0700,C1150,2026,48.9
Y1151,F0701,C1151,2026,2.7
Y1152,F0702,C1152,2027,71.5
Y1153,F0703,C1153,2024,3.1
Y1154,F0703,C1154,2024,6.7
Y1155,F0703,C1155,2026,3.7
Y1156,F0704,C1156,2024,1.1
Y1157,F0704,C1157,2026,0.5
Y1158,F0705,C1158,2025,8.2
Y1159,F0705,C1159,2026,11.0
Y1160,F0706,C1160,2025,2.2
Y1161,F0707,C1161,2026,2.2
Y1162,F0707,C1162,2027,63.0
Y1163,F0707,C1163,2026,1.0
Y1164,F0708,C1164,2026,15.5
Y1165,F0709,C1165,2025,11.2
Y1166,F0710,C1166,2025,35.0
Y1167,F0711,C1167,2026,6.6
Y1168,F0712,C1168,2027,4.1
Y1169,F0713,C1169,2025,13.7
Y1170,F0714,C1170,2026,11.1
Y1171,F0715,C1171,2025,287.8
Y1172,F0716,C1172,2024,2.4
Y1173,F0716,C1173,2026,7.1
Y1174,F0717,C1174,2025,133.4
Y1175,F0718,C1175,2026,16.9
Y1176,F0718,C1176,2025,91.8
Y1177,F0719,C1177,2025,41.6
Y1178,F0720,C1178,2027,44.1
Y1179,F0720,C1179,2026,245.7
Y1180,F0720,C1180,2027,85.6
Y1181,F0721,C1181,2026,10.7
Y1182,F0722,C1182,2026,9.7
Y1183,F0722,C1183,2025,10.0
Y1184,F0723,C1184,2026,26.5
Y1185,F0723,C1185,2024,4.9
Y1186,F0724,C1186,2025,2.3
Y1187,F0724,C1187,2027,15.4
Y1188,F0725,C1188,2026,89.6
Y1189,F0726,C1189,2027,9.7
Y1190,F0727,C1190,2025,4.8
Y1191,F0727,C1191,2026,50.7
Y1192,F0728,C1192,2027,12.9
Y1193,F0728,C1193,2027,240.3
Y1194,F0729,C1194,2026,14.3
Y1195,F0730,C1195,2026,94.6
Y1196,F0731,C1196,2025,9.7
Y1197,F0732,C1197,2027,123.6
Y1198,F0733,C1198,2024,7.8
Y1199,F0734,C1199,2026,56.6
Y1200,F0734,C1200,2026,166.6
Y1201,F0734,C1201,2027,16.9
Y1202,F0735,C1202,2026,8.8
Y1203,F0736,C1203,2026,65.6
Y1204,F0737,C1204,2026,100.5
Y1205,F0737,C1205,2025,177.3
Y1206,F0738,C1206,2026,0.5
Y1207,F0738,C1207,2024,1.5
Y1208,F0739,C1208,2026,25.3
Y1209,F0739,C1209,2026,27.9
Y1210,F0740,C1210,2026,8.1
Y1211,F0741,C1211,2025,102.6
Y1212,F0742,C1212,2026,532.9
Y1213,F0743,C1213,2026,7.5
Y1214,F0744,C1214,2026,25.2
Y1215,F0745,C1215,2026,6.5
Y1216,F0746,C1216,2026,88.4
Y1217,F0747,C1217,2024,87.5
Y1218,F0748,C1218,2027,204.9
Y1219,F0749,C1219,2026,2.4
Y1220,F0749,C1220,2025,4.4
Y1221,F0750,C1221,2024,18.2
Y1222,F0751,C1222,2027,503.9
Y1223,F0752,C1223,2026,3.3
Y1224,F0752,C1224,2024,84.3
Y1225,F0753,C1225,2026,29.6
Y1226,F0754,C1226,2026,131.8
Y1227,F0754,C1227,2025,14.3
Y1228,F0754,C1228,2026,400.0
Y1229,F0755,C1229,2027,376.8
Y1230,F0756,C1230,2026,62.9
Y1231,F0757,C1231,2026,71.5
Y1232,F0757,C1232,2026,46.2
Y1233,F0758,C1233,2025,314.4
Y1234,F0759,C1234,2025,28.5
Y1235,F0760,C1235,2027,164.9
Y1236,F0761,C1236,2027,257.2
Y1237,F0762,C1237,2027,82.6
Y1238,F0762,C1238,2025,6.1
Y1239,F0763,C1239,2027,281.7
Y1240,F0764,C1240,2025,59.5
Y1241,F0765,C1241,2026,7.1
Y1242,F0765,C1242,2025,89.0
Y1243,F0765,C1243,2026,74.6
Y1244,F0766,C1244,2024,4.7
Y1245,F0766,C1245,2025,11.7
Y1246,F0766,C1246,2025,68.3
Y1247,F0767,C1247,2026,80.7
Y1248,F0768,C1248,2027,140.7
Y1249,F0768,C1249,2024,35.5
Y1250,F0768,C1250,2026,3.6
Y1251,F0769,C1251,2025,90.5
Y1252,F0769,C1252,2025,7.8
Y1253,F0770,C1253,2026,10.6
Y1254,F0770,C1254,2027,10.9
Y1255,F0771,C1255,2025,8.3
Y1256,F0772,C1256,2026,122.2
Y1257,F0773,C1257,2027,12.0
Y1258,F0774,C1258,2025,49.4
Y1259,F0774,C1259,2024,1.4
Y1260,F0775,C1260,2025,0.7
Y1261,F0776,C1261,2024,1.5
Y1262,F0776,C1262,2025,3.4
Y1263,F0777,C1263,2024,5.3
Y1264,F0777,C1264,2026,24.2
Y1265,F0777,C1265,2025,3.5
Y1266,F0778,C1266,2024,7.4
Y1267,F0779,C1267,2026,135.6
Y1268,F0779,C1268,2025,28.2
Y1269,F0779,C1269,2024,9.2
Y1270,F0780,C1270,2024,139.4
Y1271,F0780,C1271,2025,3.0
Y1272,F0781,C1272,2026,6.0
Y1273,F0782,C1273,2026,19.3
Y1274,F0783,C1274,2026,4.2
Y1275,F0783,C1275,2025,26.6
Y1276,F0783,C1276,2025,3.8
Y1277,F0784,C1277,2025,7.4
Y1278,F0784,C1278,2026,21.7
Y1279,F0785,C1279,2024,7.5
Y1280,F0786,C1280,2026,2.7
Y1281,F0787,C1281,2024,162.7
Y1282,F0787,C1282,2025,283.9
Y1283,F0788,C1283,2026,31.7
Y1284,F0788,C1284,2026,51.3
Y1285,F0789,C1285,2027,1.3
Y1286,F0789,C1286,2026,6.1
Y1287,F0790,C1287,2027,79.5
Y1288,F0791,C1288,2026,13.0
Y1289,F0792,C1289,2024,12.1
Y1290,F0792,C1290,2027,2.6
Y1291,F0792,C1291,2027,2.7
Y1292,F0793,C1292,2027,56.8
Y1293,F0794,C1293,2024,3.0
Y1294,F0794,C1294,2026,3.9
Y1295,F0795,C1295,2026,14.8
Y1296,F0795,C1296,2025,54.5
Y1297,F0796,C1297,2026,10.5
Y1298,F0796,C1298,2025,149.8
Y1299,F0797,C1299,2027,276.3
Y1300,F0797,C1300,2025,35.6
Y1301,F0798,C1301,2024,13.0
Y1302,F0798,C1302,2024,7.3
Y1303,F0799,C1303,2026,5.4
Y1304,F0800,C1304,2024,15.4
Y1305,F0800,C1305,2025,14.3
